mutation,mutation_frequency
G5702T,0.005847953216374269
T5704C,0.023529411764705882
C5706A,0.0029411764705882353
A5708T,0.011730205278592375
C5711T,0.005847953216374269
C5712T,0.008771929824561403
C5714T,0.029069767441860465
A5717G,0.0029069767441860465
A5721G,0.0029069767441860465
G5724A,0.005813953488372093
T5726C,0.08430232558139535
T5726A,0.0029069767441860465
A5727G,0.011627906976744186
T5729C,0.09302325581395349
A5730G,0.0029069767441860465
C5731T,0.3583815028901734
A5733G,0.005780346820809248
C5734A,0.005780346820809248
C5734T,0.011560693641618497
C5738T,0.07803468208092486
C5739T,0.02601156069364162
T5741A,0.002890173410404624
T5744C,0.005780346820809248
G5745A,0.002890173410404624
A5747C,0.02601156069364162
A5747T,0.05202312138728324
C5750T,0.5404624277456648
C5750A,0.023121387283236993
A5751G,0.005780346820809248
A5751T,0.023121387283236993
C5752T,0.005780346820809248
C5754A,0.02023121387283237
C5754T,0.028901734104046242
T5759C,0.008670520231213872
T5760A,0.011560693641618497
T5762C,0.8526011560693642
G5763A,0.06069364161849711
C5768T,0.03757225433526012
T5771C,0.08670520231213873
A5774G,0.04335260115606936
C5777T,0.002890173410404624
C5780T,0.12716763005780346
A5786G,0.008670520231213872
A5801G,0.0345821325648415
A5801T,0.023054755043227664
C5807T,0.005763688760806916
C5825T,0.002890173410404624
T5831C,0.07780979827089338
T5846A,0.028901734104046242
G5862A,0.002881844380403458
T5870C,0.06340057636887608
C5888A,0.002890173410404624
A5890G,0.014450867052023121
G5891A,0.002890173410404624
A5893G,0.002890173410404624
A5894G,0.002890173410404624
T5909C,0.005780346820809248
T5909A,0.002890173410404624
C5915T,0.27167630057803466
G5916T,0.005780346820809248
A5924G,0.002890173410404624
A5930G,0.002890173410404624
T5943C,0.002890173410404624
G5946A,0.002890173410404624
A5951G,0.002890173410404624
T5954C,0.02601156069364162
T5960C,0.005780346820809248
A5966T,0.002890173410404624
A5969C,0.002890173410404624
T5973C,0.017341040462427744
G5975A,0.011560693641618497
T5979C,0.0029069767441860465
G5981A,0.0377906976744186
C5984T,0.0029069767441860465
C5988A,0.005813953488372093
G6003A,0.11849710982658959
C6005A,0.476878612716763
C6005T,0.014450867052023121
A6007G,0.002890173410404624
A6009G,0.002890173410404624
G6010A,0.005780346820809248
T6011C,0.005780346820809248
C6027A,0.005780346820809248
C6030T,0.005780346820809248
A6032T,0.002890173410404624
A6035G,0.002890173410404624
T6037A,0.011560693641618497
T6038C,0.011560693641618497
T6040C,0.008670520231213872
T6044C,0.04335260115606936
T6052A,0.04335260115606936
C6053T,0.0953757225433526
C6059T,0.9971098265895953
A6060G,0.15028901734104047
C6061T,0.002890173410404624
C6062T,0.005780346820809248
A6064G,0.04335260115606936
A6065G,0.008670520231213872
A6067G,0.002890173410404624
C6068T,0.07514450867052024
C6071T,0.005780346820809248
G6075A,0.11271676300578035
A6077G,0.08092485549132948
T6081C,0.08092485549132948
A6083G,0.011560693641618497
T6086C,0.002890173410404624
A6088G,0.002890173410404624
G6089A,0.08670520231213873
G6095A,0.023255813953488372
A6101G,0.12790697674418605
A6113T,0.008695652173913044
A6113C,0.002898550724637681
T6116C,0.0782608695652174
G6119A,0.3739130434782609
T6134G,0.011560693641618497
A6137G,0.023121387283236993
C6140T,0.3554913294797688
C6149T,0.005780346820809248
C6149A,0.002890173410404624
T6152A,0.005780346820809248
C6155T,0.011560693641618497
C6161T,0.04610951008645533
G6164A,0.008645533141210375
C6168T,0.002881844380403458
G6170A,0.069164265129683
G6182A,0.05491329479768786
G6182T,0.005780346820809248
G6188T,0.002890173410404624
C6191T,0.005780346820809248
A6200G,0.002881844380403458
C6207T,0.002890173410404624
A6209G,0.005763688760806916
C6215T,0.005763688760806916
C6215A,0.023054755043227664
C6221T,0.002881844380403458
G6224A,0.005763688760806916
A6230G,0.005780346820809248
C6236T,0.002881844380403458
T6237C,0.011527377521613832
T6242C,0.037463976945244955
T6242A,0.002881844380403458
T6245C,0.002881844380403458
C6257T,0.005763688760806916
T6258C,0.011527377521613832
C6263T,0.02881844380403458
C6263A,0.002881844380403458
G6269A,0.01729106628242075
T6273C,0.4755043227665706
A6275G,0.005763688760806916
C6278T,0.002881844380403458
A6284G,0.12103746397694524
T6296C,0.005763688760806916
G6302A,0.13256484149855907
T6303C,0.02881844380403458
T6311C,0.020172910662824207
T6313C,0.002881844380403458
T6314C,0.01729106628242075
T6317C,0.008695652173913044
T6317G,0.002898550724637681
A6321G,0.005797101449275362
G6323A,0.005797101449275362
T6329C,0.9971181556195965
C6335A,0.005763688760806916
C6335T,0.008645533141210375
A6350G,0.05763688760806916
C6365T,0.05187319884726225
A6368G,0.002881844380403458
A6371G,0.005763688760806916
A6383G,0.05763688760806916
C6384T,0.002881844380403458
T6395C,0.002881844380403458
C6398T,0.008645533141210375
A6401G,0.011527377521613832
T6413C,0.08645533141210375
A6425C,0.011527377521613832
T6428C,0.002881844380403458
A6431T,0.06628242074927954
A6431C,0.06051873198847262
G6464A,0.008645533141210375
A6467G,0.06051873198847262
T6468C,0.08645533141210375
C6479T,0.037463976945244955
A6497G,0.008645533141210375
G6506A,0.005763688760806916
C6521A,0.45244956772334294
C6521G,0.023054755043227664
C6521T,0.023054755043227664
G6523A,0.15561959654178675
T6530G,0.002881844380403458
A6536T,0.005763688760806916
A6566C,0.002881844380403458
A6569C,0.023054755043227664
A6575G,0.005763688760806916
C6584T,0.011527377521613832
A6587G,0.005763688760806916
A6596T,0.002881844380403458
A6599G,0.011527377521613832
T6626C,0.002881844380403458
T6629C,0.002881844380403458
T6629A,0.002881844380403458
C6631A,0.002881844380403458
T6632C,0.09221902017291066
T6635C,0.002881844380403458
A6644G,0.037463976945244955
C6647T,0.002881844380403458
C6653T,0.011527377521613832
C6657T,0.12680115273775217
T6668C,0.9971181556195965
T6668A,0.002881844380403458
A6672T,0.005763688760806916
C6673T,0.002881844380403458
G6677A,0.002881844380403458
G6678A,0.002881844380403458
A6683G,0.025936599423631124
C6686T,0.002881844380403458
C6689T,0.002881844380403458
C6695T,0.011527377521613832
A6698G,0.08645533141210375
C6707T,0.005763688760806916
C6710T,0.023054755043227664
A6716G,0.12680115273775217
A6716T,0.011527377521613832
A6734G,0.002881844380403458
A6734T,0.002881844380403458
A6737G,0.002881844380403458
A6740T,0.01729106628242075
C6746T,0.01440922190201729
T6749C,0.002881844380403458
A6755G,0.002881844380403458
T6761C,0.02881844380403458
A6764G,0.01729106628242075
T6770C,0.037463976945244955
G6782A,0.11815561959654179
C6786A,0.008645533141210375
G6788A,0.023054755043227664
G6791A,0.002881844380403458
G6806A,0.002881844380403458
C6809T,0.002881844380403458
T6812C,0.01440922190201729
T6813C,0.005763688760806916
T6819C,0.09798270893371758
C6822T,0.01729106628242075
A6824G,0.002881844380403458
G6826A,0.13544668587896252
A6833G,0.11239193083573487
C6839T,0.020172910662824207
C6842T,0.002881844380403458
C6845T,0.03170028818443804
A6846G,0.01440922190201729
C6851T,0.01440922190201729
C6863T,0.01440922190201729
T6887C,0.1037463976945245
T6899C,0.05763688760806916
C6905T,0.005763688760806916
C6908T,0.002881844380403458
C6911A,0.07780979827089338
C6911T,0.069164265129683
C6917T,0.138328530259366
T6923C,0.002881844380403458
C6924T,0.01440922190201729
C6932T,0.037463976945244955
G6938A,0.008645533141210375
C6950T,0.02881844380403458
C6956T,0.06340057636887608
A6963G,0.008645533141210375
A6965G,0.040345821325648415
C6971A,0.37175792507204614
C6989T,0.002881844380403458
C7001T,0.002881844380403458
T7004C,0.01729106628242075
T7007C,0.9884726224783862
G7010A,0.03170028818443804
G7010T,0.069164265129683
T7028C,0.06340057636887608
G7031A,0.005763688760806916
G7034A,0.03170028818443804
G7037A,0.008645533141210375
T7040C,0.002881844380403458
A7052G,0.01440922190201729
T7055G,0.02881844380403458
T7058C,0.008645533141210375
T7062C,0.005763688760806916
T7076C,0.005763688760806916
G7079A,0.07492795389048991
A7085G,0.02881844380403458
C7088A,0.023054755043227664
C7088T,0.005763688760806916
A7091G,0.023054755043227664
T7094C,0.005763688760806916
A7103T,0.06051873198847262
A7112G,0.002881844380403458
A7115C,0.37175792507204614
T7124C,0.005763688760806916
T7126A,0.002881844380403458
C7127T,0.002881844380403458
G7131A,0.008645533141210375
T7133C,0.002881844380403458
G7142A,0.002881844380403458
C7145T,0.023054755043227664
C7148T,0.002881844380403458
A7156T,0.002881844380403458
T7163C,0.07780979827089338
A7169G,0.06051873198847262
A7178G,0.005763688760806916
C7181T,0.005763688760806916
T7184C,0.023054755043227664
A7190G,0.002881844380403458
T7193C,0.023054755043227664
T7196C,0.002881844380403458
G7199A,0.11239193083573487
T7202C,0.002881844380403458
C7203T,0.023054755043227664
A7205G,0.11527377521613832
G7206A,0.002881844380403458
C7214T,0.002881844380403458
G7216A,0.008645533141210375
A7223G,0.005763688760806916
A7223C,0.002881844380403458
T7230C,0.002881844380403458
A7232G,0.01440922190201729
T7233C,0.002881844380403458
A7235G,0.02881844380403458
T7238C,0.06628242074927954
C7249T,0.13256484149855907
G7252K,0.002881844380403458
C7259A,0.011527377521613832
C7259T,0.011527377521613832
A7263G,0.005763688760806916
T7268C,0.005763688760806916
T7280C,0.005763688760806916
C7283T,0.002881844380403458
A7295G,0.002881844380403458
T7298C,0.005763688760806916
A7307G,0.005763688760806916
T7311C,0.002881844380403458
G7314T,0.002881844380403458
A7320G,0.023054755043227664
G7323A,0.002881844380403458
T7328C,0.017391304347826087
A7331G,0.005797101449275362
T7337A,0.47246376811594204
T7337C,0.002898550724637681
C7343T,0.017391304347826087
C7346T,0.014577259475218658
G7349A,0.002898550724637681
G7350A,0.002898550724637681
C7352A,0.034782608695652174
C7352T,0.017391304347826087
A7355G,0.02318840579710145
C7358T,0.005797101449275362
A7364T,0.011661807580174927
C7367A,0.011661807580174927
C7367T,0.011661807580174927
A7368G,0.0029069767441860465
T7371C,0.0029069767441860465
T7376C,0.014534883720930232
A7384G,0.002898550724637681
C7386T,0.08695652173913043
T7400C,0.005797101449275362
C7403T,1.0
T7415C,0.005865102639296188
G7420A,0.002932551319648094
