"","ara_id","sample_id","collection_date","flow","loq","pathogen","conc","total_pop","ara_name","load","median_7d"
"1",26101,"10_2024_11_08",2024-11-08,157937,32880,"RSV-A",4223.04,475198,"Werdhölzli",1403571.28708454,NA
"2",26101,"10_2024_11_08",2024-11-08,157937,32880,"RSV-B",0,475198,"Werdhölzli",0,NA
"3",26101,"10_2024_11_09",2024-11-09,153448,32880,"RSV-A",9794.682,475198,"Werdhölzli",3162838.15069929,NA
"4",26101,"10_2024_11_09",2024-11-09,153448,32880,"RSV-B",1590.2355,475198,"Werdhölzli",513509.015197875,NA
"5",26101,"10_2024_11_16",2024-11-16,148835,32880,"RSV-A",3806.867,475198,"Werdhölzli",1192334.66880122,NA
"6",26101,"10_2024_11_16",2024-11-16,148835,32880,"RSV-B",3839.5112,475198,"Werdhölzli",1202559.03739494,NA
"7",26101,"10_2024_11_17",2024-11-17,148002,32880,"RSV-A",5608.7197,475198,"Werdhölzli",1746854.43339282,1746854.43339282
"8",26101,"10_2024_11_17",2024-11-17,148002,32880,"RSV-B",0,475198,"Werdhölzli",0,1202559.03739494
"9",26101,"10_2024_11_22",2024-11-22,216414,32880,"RSV-A",4731.609,475198,"Werdhölzli",2154862.66803732,2154862.66803732
"10",26101,"10_2024_11_22",2024-11-22,216414,32880,"RSV-B",3053.8604,475198,"Werdhölzli",1390784.77730462,1390784.77730462
"11",26101,"10_2024_11_24",2024-11-24,304305,32880,"RSV-A",8466.229,475198,"Werdhölzli",5421562.83453424,1746854.43339282
"12",26101,"10_2024_11_24",2024-11-24,304305,32880,"RSV-B",5014.708,475198,"Werdhölzli",3211294.48764515,1390784.77730462
"13",26101,"10_2024_11_29",2024-11-29,288529,32880,"RSV-A",1331.785,475198,"Werdhölzli",808628.391249542,2154862.66803732
"14",26101,"10_2024_11_29",2024-11-29,288529,32880,"RSV-B",4199.2017,475198,"Werdhölzli",2549656.07451904,2549656.07451904
"15",26101,"10_2024_11_30",2024-11-30,212139,32880,"RSV-A",9553.139,475198,"Werdhölzli",4264734.60393562,4264734.60393562
"16",26101,"10_2024_11_30",2024-11-30,212139,32880,"RSV-B",8157.6104,475198,"Werdhölzli",3641739.46995905,2585594.76643589
"17",26101,"10_2024_12_07",2024-12-07,372941,32880,"RSV-A",0,475198,"Werdhölzli",0,5421562.83453424
"18",26101,"10_2024_12_07",2024-12-07,372941,32880,"RSV-B",1693.4775,475198,"Werdhölzli",1329061.13310136,3047273.18123266
"19",26101,"10_2024_12_08",2024-12-08,338982,32880,"RSV-A",9848.452,475198,"Werdhölzli",7025383.01058506,7025383.01058506
"20",26101,"10_2024_12_08",2024-12-08,338982,32880,"RSV-B",4271.7847,475198,"Werdhölzli",3047273.18123266,3047273.18123266
"21",26101,"10_2024_12_13",2024-12-13,194952,32880,"RSV-A",26206.086,475198,"Werdhölzli",10751158.2074672,9055459.22523453
"22",26101,"10_2024_12_13",2024-12-13,194952,32880,"RSV-B",6302.4204,475198,"Werdhölzli",2585594.76643589,3417090.98669607
"23",26101,"10_2024_12_15",2024-12-15,191389,32880,"RSV-A",22483.717,475198,"Werdhölzli",9055459.22523453,10751158.2074672
"24",26101,"10_2024_12_15",2024-12-15,191389,32880,"RSV-B",8484.264,475198,"Werdhölzli",3417090.98669607,3417090.98669607
"25",26101,"10_2024_12_20",2024-12-20,204056,32880,"RSV-A",27179.902,475198,"Werdhölzli",11671391.8882487,11671391.8882487
"26",26101,"10_2024_12_20",2024-12-20,204056,32880,"RSV-B",10199.405,475198,"Werdhölzli",4379752.83288229,4367493.83742566
"27",26101,"10_2024_12_21",2024-12-21,165754,32880,"RSV-A",43549.07,475198,"Werdhölzli",15190368.1176688,15146956.3111566
"28",26101,"10_2024_12_21",2024-12-21,165754,32880,"RSV-B",12636.891,475198,"Werdhölzli",4407878.88588336,4379752.83288229
"29",26101,"10_2024_12_27",2024-12-27,174535,32880,"RSV-A",60408.887,475198,"Werdhölzli",22187519.9233688,15190368.1176688
"30",26101,"10_2024_12_27",2024-12-27,174535,32880,"RSV-B",18808.09,475198,"Werdhölzli",6908004.63838232,4379752.83288229
"31",26101,"10_2024_12_28",2024-12-28,166433,32880,"RSV-A",43247.453,475198,"Werdhölzli",15146956.3111566,15190368.1176688
"32",26101,"10_2024_12_28",2024-12-28,166433,32880,"RSV-B",12470.029,475198,"Werdhölzli",4367493.83742566,4379752.83288229
"33",26101,"10_2025_01_01",2025-01-01,149190,32880,"RSV-A",68977,475198,"Werdhölzli",21655559.6404025,15190368.1176688
"34",26101,"10_2025_01_01",2025-01-01,149190,32880,"RSV-B",20187.309,475198,"Werdhölzli",6337873.11754258,4407878.88588336
"35",26101,"10_2025_01_03",2025-01-03,340910,32880,"RSV-A",29934.117,475198,"Werdhölzli",21474921.667326,15146956.3111566
"36",26101,"10_2025_01_03",2025-01-03,340910,32880,"RSV-B",3854.3086,475198,"Werdhölzli",2765104.95588365,4367493.83742566
"37",26101,"10_2025_01_09",2025-01-09,374849,32880,"RSV-A",15142.868,475198,"Werdhölzli",11945102.7296664,12856294.5654948
"38",26101,"10_2025_01_09",2025-01-09,374849,32880,"RSV-B",3795.9722,475198,"Werdhölzli",2994365.26079192,3283480.28065228
"39",26101,"10_2025_01_11",2025-01-11,234728,32880,"RSV-A",20327.518,475198,"Werdhölzli",10040946.3951953,12654509.2893573
"40",26101,"10_2025_01_11",2025-01-11,234728,32880,"RSV-B",13550.881,475198,"Werdhölzli",6693570.24938657,3283480.28065228
"41",26101,"10_2025_01_13",2025-01-13,216479,32880,"RSV-A",28221.146,475198,"Werdhölzli",12856294.5654948,12654509.2893573
"42",26101,"10_2025_01_13",2025-01-13,216479,32880,"RSV-B",7207.6426,475198,"Werdhölzli",3283480.28065228,3283480.28065228
"43",26101,"10_2025_01_19",2025-01-19,176953,32880,"RSV-A",21428.836,475198,"Werdhölzli",7979614.42747655,11945102.7296664
"44",26101,"10_2025_01_19",2025-01-19,176953,32880,"RSV-B",6012.781,475198,"Werdhölzli",2239023.80963935,3405844.43880845
"45",26101,"10_2025_01_21",2025-01-21,177902,32880,"RSV-A",33801.742,475198,"Werdhölzli",12654509.2893573,11074358.4168094
"46",26101,"10_2025_01_21",2025-01-21,177902,32880,"RSV-B",14554.038,475198,"Werdhölzli",5448660.28113755,3903577.92982504
"47",26101,"10_2025_01_24",2025-01-24,174999,32880,"RSV-A",45178.434,475198,"Werdhölzli",16637655.822554,12654509.2893573
"48",26101,"10_2025_01_24",2025-01-24,174999,32880,"RSV-B",10599.903,475198,"Werdhölzli",3903577.92982504,3903577.92982504
"49",26101,"10_2025_01_29",2025-01-29,353667,32880,"RSV-A",14879.853,475198,"Werdhölzli",11074358.4168094,11074358.4168094
"50",26101,"10_2025_01_29",2025-01-29,353667,32880,"RSV-B",4576.1987,475198,"Werdhölzli",3405844.43880845,5213477.7130796
"51",26101,"10_2025_02_01",2025-02-01,209583,32880,"RSV-A",15276.465,475198,"Werdhölzli",6737585.94121819,11074358.4168094
"52",26101,"10_2025_02_01",2025-02-01,209583,32880,"RSV-B",15381.58,475198,"Werdhölzli",6783946.23112892,5213477.7130796
"53",26101,"10_2025_02_06",2025-02-06,175575,32880,"RSV-A",34651.492,475198,"Werdhölzli",12802948.8926721,11074358.4168094
"54",26101,"10_2025_02_06",2025-02-06,175575,32880,"RSV-B",14110.404,475198,"Werdhölzli",5213477.7130796,5213477.7130796
"55",26101,"10_2025_02_09",2025-02-09,154659,32880,"RSV-A",31980.82,475198,"Werdhölzli",10408548.942504,10408548.942504
"56",26101,"10_2025_02_09",2025-02-09,154659,32880,"RSV-B",21453.719,475198,"Werdhölzli",6982375.19270073,5817604.88926721
"57",26101,"10_2025_02_10",2025-02-10,159192,32880,"RSV-A",19039.047,475198,"Werdhölzli",6378107.58888716,6737585.94121819
"58",26101,"10_2025_02_10",2025-02-10,159192,32880,"RSV-B",8729.142,475198,"Werdhölzli",2924274.8775542,5817604.88926721
"59",26101,"10_2025_02_14",2025-02-14,226655,32880,"RSV-A",28212.613,475198,"Werdhölzli",13456558.7387047,9030494.89576976
"60",26101,"10_2025_02_14",2025-02-14,226655,32880,"RSV-B",12197.014,475198,"Werdhölzli",5817604.88926721,5213477.7130796
"61",26101,"10_2025_02_18",2025-02-18,165703,32880,"RSV-A",15454.74,475198,"Werdhölzli",5389115.2366382,6378107.58888716
"62",26101,"10_2025_02_18",2025-02-18,165703,32880,"RSV-B",17625.072,475198,"Werdhölzli",6145916.66129908,5817604.88926721
"63",26101,"10_2025_02_22",2025-02-22,149562,32880,"RSV-A",19003.012,475198,"Werdhölzli",5980935.27486227,5980935.27486227
"64",26101,"10_2025_02_22",2025-02-22,149562,32880,"RSV-B",14204.848,475198,"Werdhölzli",4470779.49944234,4568277.15111596
"65",26101,"10_2025_02_26",2025-02-26,193964,32880,"RSV-A",22124.07,475198,"Werdhölzli",9030494.89576976,5575879.72457797
"66",26101,"10_2025_02_26",2025-02-26,193964,32880,"RSV-B",11191.954,475198,"Werdhölzli",4568277.15111596,4568277.15111596
"67",26101,"10_2025_03_02",2025-03-02,149077,32880,"RSV-A",17773.68,475198,"Werdhölzli",5575879.72457797,5575879.72457797
"68",26101,"10_2025_03_02",2025-03-02,149077,32880,"RSV-B",31826.768,475198,"Werdhölzli",9984551.89865277,4470779.49944234
"69",26101,"10_2025_03_06",2025-03-06,151299,32880,"RSV-A",7305.1045,475198,"Werdhölzli",2325883.11765938,5575879.72457797
"70",26101,"10_2025_03_06",2025-03-06,151299,32880,"RSV-B",11530.713,475198,"Werdhölzli",3671280.91066671,3780906.29070619
"71",26101,"10_2025_03_07",2025-03-07,150050,32880,"RSV-A",9607.569,475198,"Werdhölzli",3033715.90042466,3947499.90070455
"72",26101,"10_2025_03_07",2025-03-07,150050,32880,"RSV-B",8267.277,475198,"Werdhölzli",2610501.12553083,3671280.91066671
"73",26101,"10_2025_03_10",2025-03-10,147353,32880,"RSV-A",22802.008,475198,"Werdhölzli",7070619.58346626,3681522.62486374
"74",26101,"10_2025_03_10",2025-03-10,147353,32880,"RSV-B",12193.027,475198,"Werdhölzli",3780906.29070619,3564459.7979579
"75",26101,"10_2025_03_15",2025-03-15,140805,32880,"RSV-A",13322.283,475198,"Werdhölzli",3947499.90070455,3665875.19187791
"76",26101,"10_2025_03_15",2025-03-15,140805,32880,"RSV-B",12029.574,475198,"Werdhölzli",3564459.7979579,3564459.7979579
"77",26101,"10_2025_03_18",2025-03-18,148006,32880,"RSV-A",11769.905,475198,"Werdhölzli",3665875.19187791,3681522.62486374
"78",26101,"10_2025_03_18",2025-03-18,148006,32880,"RSV-B",3886.1216,475198,"Werdhölzli",1210378.22871645,2610501.12553083
"79",26101,"10_2025_03_23",2025-03-23,166834,32880,"RSV-A",10486.185,475198,"Werdhölzli",3681522.62486374,3681522.62486374
"80",26101,"10_2025_03_23",2025-03-23,166834,32880,"RSV-B",4493.5464,475198,"Werdhölzli",1577608.32347274,2851970.52487174
"81",26101,"10_2025_03_26",2025-03-26,215661,32880,"RSV-A",6679.5605,475198,"Werdhölzli",3031411.5315942,3665875.19187791
"82",26101,"10_2025_03_26",2025-03-26,215661,32880,"RSV-B",8306.682,475198,"Werdhölzli",3769854.55915639,1720756.43115943
"83",26101,"10_2025_03_28",2025-03-28,144007,32880,"RSV-A",15554.369,475198,"Werdhölzli",4713694.11610108,3031411.5315942
"84",26101,"10_2025_03_28",2025-03-28,144007,32880,"RSV-B",5678.1963,475198,"Werdhölzli",1720756.43115943,1577608.32347274
"85",26101,"10_2025_04_03",2025-04-03,144426,32880,"RSV-A",4635.4653,475198,"Werdhölzli",1408847.91480141,1761864.26898766
"86",26101,"10_2025_04_03",2025-04-03,144426,32880,"RSV-B",9383.703,475198,"Werdhölzli",2851970.52487174,1577608.32347274
"87",26101,"10_2025_04_05",2025-04-05,135907,32880,"RSV-A",3152.4155,475198,"Werdhölzli",901593.300810399,1408847.91480141
"88",26101,"10_2025_04_05",2025-04-05,135907,32880,"RSV-B",3152.4155,475198,"Werdhölzli",901593.300810399,901593.300810399
"89",26101,"10_2025_04_07",2025-04-07,140642,32880,"RSV-A",2799.335,475198,"Werdhölzli",828505.324243789,1408847.91480141
"90",26101,"10_2025_04_07",2025-04-07,140642,32880,"RSV-B",2837.996,475198,"Werdhölzli",839947.629055678,901593.300810399
"91",26101,"10_2025_04_13",2025-04-13,132592,32880,"RSV-A",6314.3657,475198,"Werdhölzli",1761864.26898766,901593.300810399
"92",26101,"10_2025_04_13",2025-04-13,132592,32880,"RSV-B",2525.051,475198,"Werdhölzli",704551.707271495,839947.629055678
"93",26101,"10_2025_04_15",2025-04-15,137804,32880,"RSV-A",1470.6392,475198,"Werdhölzli",426474.783809696,828505.324243789
"94",26101,"10_2025_04_15",2025-04-15,137804,32880,"RSV-B",1246.9738,475198,"Werdhölzli",361613.427529577,704551.707271495
"95",26101,"10_2025_04_18",2025-04-18,125692,32880,"RSV-A",11685.174,475198,"Werdhölzli",3090780.87535722,594901.979235603
"96",26101,"10_2025_04_18",2025-04-18,125692,32880,"RSV-B",4420.69,475198,"Werdhölzli",1169292.31074205,659090.2592553
"97",26101,"10_2025_04_23",2025-04-23,214528,32880,"RSV-A",0,475198,"Werdhölzli",0,426474.783809696
"98",26101,"10_2025_04_23",2025-04-23,214528,32880,"RSV-B",1459.9417,475198,"Werdhölzli",659090.2592553,426089.534442485
"99",26101,"10_2025_04_26",2025-04-26,198389,32880,"RSV-A",1424.9592,475198,"Werdhölzli",594901.979235603,NA
"100",26101,"10_2025_04_26",2025-04-26,198389,32880,"RSV-B",0,475198,"Werdhölzli",0,NA
"101",26101,"10_2025_05_01",2025-05-01,127199,32880,"RSV-A",0,475198,"Werdhölzli",0,NA
"102",26101,"10_2025_05_01",2025-05-01,127199,32880,"RSV-B",1591.812,475198,"Werdhölzli",426089.534442485,NA
"103",26101,"10_2025_05_04",2025-05-04,316675,32880,"RSV-A",0,475198,"Werdhölzli",0,NA
"104",26101,"10_2025_05_04",2025-05-04,316675,32880,"RSV-B",0,475198,"Werdhölzli",0,NA
"105",66700,"25_2024_11_08",2024-11-08,17832,32880,"RSV-A",0,74363,"Laupen",0,NA
"106",66700,"25_2024_11_08",2024-11-08,17832,32880,"RSV-B",0,74363,"Laupen",0,NA
"107",66700,"25_2024_11_09",2024-11-09,16758,32880,"RSV-A",3984.9048,74363,"Laupen",898014.262985624,NA
"108",66700,"25_2024_11_09",2024-11-09,16758,32880,"RSV-B",0,74363,"Laupen",0,NA
"109",66700,"25_2024_11_16",2024-11-16,16806,32880,"RSV-A",0,74363,"Laupen",0,NA
"110",66700,"25_2024_11_16",2024-11-16,16806,32880,"RSV-B",0,74363,"Laupen",0,NA
"111",66700,"25_2024_11_17",2024-11-17,16734,32880,"RSV-A",0,74363,"Laupen",0,0
"112",66700,"25_2024_11_17",2024-11-17,16734,32880,"RSV-B",4503.755,74363,"Laupen",1013485.68737141,0
"113",66700,"25_2024_11_22",2024-11-22,25748,32880,"RSV-A",0,74363,"Laupen",0,0
"114",66700,"25_2024_11_22",2024-11-22,25748,32880,"RSV-B",0,74363,"Laupen",0,0
"115",66700,"25_2024_11_24",2024-11-24,29472,32880,"RSV-A",0,74363,"Laupen",0,0
"116",66700,"25_2024_11_24",2024-11-24,29472,32880,"RSV-B",0,74363,"Laupen",0,0
"117",66700,"25_2024_11_29",2024-11-29,26670,32880,"RSV-A",818.1839,74363,"Laupen",293438.465540659,0
"118",66700,"25_2024_11_29",2024-11-29,26670,32880,"RSV-B",0,74363,"Laupen",0,0
"119",66700,"25_2024_11_30",2024-11-30,23724,32880,"RSV-A",0,74363,"Laupen",0,0
"120",66700,"25_2024_11_30",2024-11-30,23724,32880,"RSV-B",0,74363,"Laupen",0,0
"121",66700,"25_2024_12_07",2024-12-07,41853,32880,"RSV-A",0,74363,"Laupen",0,0
"122",66700,"25_2024_12_07",2024-12-07,41853,32880,"RSV-B",0,74363,"Laupen",0,0
"123",66700,"25_2024_12_08",2024-12-08,27219,32880,"RSV-A",0,74363,"Laupen",0,293438.465540659
"124",66700,"25_2024_12_08",2024-12-08,27219,32880,"RSV-B",0,74363,"Laupen",0,0
"125",66700,"25_2024_12_13",2024-12-13,21646,32880,"RSV-A",1289.5364,74363,"Laupen",375365.503199172,375365.503199172
"126",66700,"25_2024_12_13",2024-12-13,21646,32880,"RSV-B",0,74363,"Laupen",0,0
"127",66700,"25_2024_12_15",2024-12-15,20710,32880,"RSV-A",10581.211,74363,"Laupen",2946853.67467692,1369523.94379732
"128",66700,"25_2024_12_15",2024-12-15,20710,32880,"RSV-B",1436.6465,74363,"Laupen",400104.205249923,400104.205249923
"129",66700,"25_2024_12_20",2024-12-20,24662,32880,"RSV-A",4129.5073,74363,"Laupen",1369523.94379732,1532164.09499348
"130",66700,"25_2024_12_20",2024-12-20,24662,32880,"RSV-B",1376.4369,74363,"Laupen",456486.247566666,400104.205249923
"131",66700,"25_2024_12_21",2024-12-21,33506,32880,"RSV-A",7452.323,74363,"Laupen",3357819.53979802,1532164.09499348
"132",66700,"25_2024_12_21",2024-12-21,33506,32880,"RSV-B",2942.4011,74363,"Laupen",1325768.07359305,456486.247566666
"133",66700,"25_2024_12_28",2024-12-28,21080,32880,"RSV-A",5404.9487,74363,"Laupen",1532164.09499348,1532164.09499348
"134",66700,"25_2024_12_28",2024-12-28,21080,32880,"RSV-B",4165.9824,74363,"Laupen",1180948.97989592,1180948.97989592
"135",66700,"25_2024_12_29",2024-12-29,20614,32880,"RSV-A",11989.589,74363,"Laupen",3323607.0041015,1532164.09499348
"136",66700,"25_2024_12_29",2024-12-29,20614,32880,"RSV-B",1335.2306,74363,"Laupen",370136.271914796,1180948.97989592
"137",66700,"25_2025_01_01",2025-01-01,19381,32880,"RSV-A",5855.7188,74363,"Laupen",1526157.98263653,1532164.09499348
"138",66700,"25_2025_01_01",2025-01-01,19381,32880,"RSV-B",6167.673,74363,"Laupen",1607461.64642362,1180948.97989592
"139",66700,"25_2025_01_03",2025-01-03,28891,32880,"RSV-A",0,74363,"Laupen",0,1526157.98263653
"140",66700,"25_2025_01_03",2025-01-03,28891,32880,"RSV-B",3380.7153,74363,"Laupen",1313452.1970913,1014966.00611594
"141",66700,"25_2025_01_09",2025-01-09,39503,32880,"RSV-A",6697.7046,74363,"Laupen",3557944.47257104,1526157.98263653
"142",66700,"25_2025_01_09",2025-01-09,39503,32880,"RSV-B",1910.6376,74363,"Laupen",1014966.00611594,1014966.00611594
"143",66700,"25_2025_01_11",2025-01-11,29335,32880,"RSV-A",2887.1418,74363,"Laupen",1138930.71423961,1138930.71423961
"144",66700,"25_2025_01_11",2025-01-11,29335,32880,"RSV-B",1332.3376,74363,"Laupen",525585.620483305,1014966.00611594
"145",66700,"25_2025_01_13",2025-01-13,25167,32880,"RSV-A",0,74363,"Laupen",0,518473.136307034
"146",66700,"25_2025_01_13",2025-01-13,25167,32880,"RSV-B",0,74363,"Laupen",0,1014966.00611594
"147",66700,"25_2025_01_19",2025-01-19,21756,32880,"RSV-A",9241.711,74363,"Laupen",2703799.7998467,1138930.71423961
"148",66700,"25_2025_01_19",2025-01-19,21756,32880,"RSV-B",6661.1987,74363,"Laupen",1948832.60381104,1014966.00611594
"149",66700,"25_2025_01_21",2025-01-21,20714,32880,"RSV-A",0,74363,"Laupen",0,1138930.71423961
"150",66700,"25_2025_01_21",2025-01-21,20714,32880,"RSV-B",0,74363,"Laupen",0,1594423.86993532
"151",66700,"25_2025_01_24",2025-01-24,22324,32880,"RSV-A",1727.0748,74363,"Laupen",518473.136307034,854183.24543254
"152",66700,"25_2025_01_24",2025-01-24,22324,32880,"RSV-B",6749.212,74363,"Laupen",2026134.08130387,1594423.86993532
"153",66700,"25_2025_01_29",2025-01-29,39260,32880,"RSV-A",4562.725,74363,"Laupen",2408893.98625661,1853509.20547046
"154",66700,"25_2025_01_29",2025-01-29,39260,32880,"RSV-B",3020.024,74363,"Laupen",1594423.86993532,1948832.60381104
"155",66700,"25_2025_02_01",2025-02-01,27803,32880,"RSV-A",4957.4688,74363,"Laupen",1853509.20547046,1049157.88310719
"156",66700,"25_2025_02_01",2025-02-01,27803,32880,"RSV-B",5825.403,74363,"Laupen",2178014.32982801,1594423.86993532
"157",66700,"25_2025_02_06",2025-02-06,24047,32880,"RSV-A",2641.4783,74363,"Laupen",854183.24543254,1853509.20547046
"158",66700,"25_2025_02_06",2025-02-06,24047,32880,"RSV-B",0,74363,"Laupen",0,2026134.08130387
"159",66700,"25_2025_02_09",2025-02-09,22696,32880,"RSV-A",17806.111,74363,"Laupen",5434523.82577357,1853509.20547046
"160",66700,"25_2025_02_09",2025-02-09,22696,32880,"RSV-B",13549.238,74363,"Laupen",4135302.5785404,1594423.86993532
"161",66700,"25_2025_02_10",2025-02-10,27043,32880,"RSV-A",2884.9805,74363,"Laupen",1049157.88310719,1853509.20547046
"162",66700,"25_2025_02_10",2025-02-10,27043,32880,"RSV-B",1421.3152,74363,"Laupen",516878.379753372,2178014.32982801
"163",66700,"25_2025_02_14",2025-02-14,24494,32880,"RSV-A",9971.325,74363,"Laupen",3284397.27485443,1049157.88310719
"164",66700,"25_2025_02_14",2025-02-14,24494,32880,"RSV-B",11506.732,74363,"Laupen",3790136.13770289,516878.379753372
"165",66700,"25_2025_02_18",2025-02-18,21313,32880,"RSV-A",0,74363,"Laupen",0,1886920.33694176
"166",66700,"25_2025_02_18",2025-02-18,21313,32880,"RSV-B",0,74363,"Laupen",0,1793737.77800923
"167",66700,"25_2025_02_22",2025-02-22,20333,32880,"RSV-A",6900.952,74363,"Laupen",1886920.33694176,1049157.88310719
"168",66700,"25_2025_02_22",2025-02-22,20333,32880,"RSV-B",17792.014,74363,"Laupen",4864852.42206474,516878.379753372
"169",66700,"25_2025_02_26",2025-02-26,21988,32880,"RSV-A",2981.4045,74363,"Laupen",881555.641192529,881555.641192529
"170",66700,"25_2025_02_26",2025-02-26,21988,32880,"RSV-B",0,74363,"Laupen",0,824337.985363689
"171",66700,"25_2025_03_02",2025-03-02,18837,32880,"RSV-A",7805.466,74363,"Laupen",1977213.97794602,824337.985363689
"172",66700,"25_2025_03_02",2025-03-02,18837,32880,"RSV-B",7081.1553,74363,"Laupen",1793737.77800923,371336.688611272
"173",66700,"25_2025_03_06",2025-03-06,18834,32880,"RSV-A",0,74363,"Laupen",0,824337.985363689
"174",66700,"25_2025_03_06",2025-03-06,18834,32880,"RSV-B",1466.1628,74363,"Laupen",371336.688611272,824337.985363689
"175",66700,"25_2025_03_07",2025-03-07,18968,32880,"RSV-A",3231.7717,74363,"Laupen",824337.985363689,824337.985363689
"176",66700,"25_2025_03_07",2025-03-07,18968,32880,"RSV-B",3231.7717,74363,"Laupen",824337.985363689,824337.985363689
"177",66700,"25_2025_03_10",2025-03-10,21267,32880,"RSV-A",1371.538,74363,"Laupen",392244.780952893,782701.351091269
"178",66700,"25_2025_03_10",2025-03-10,21267,32880,"RSV-B",0,74363,"Laupen",0,1026475.28935089
"179",66700,"25_2025_03_15",2025-03-15,18738,32880,"RSV-A",3106.2024,74363,"Laupen",782701.351091269,703391.303694041
"180",66700,"25_2025_03_15",2025-03-15,18738,32880,"RSV-B",10928.74,74363,"Laupen",2753825.56002313,824337.985363689
"181",66700,"25_2025_03_18",2025-03-18,18262,32880,"RSV-A",6981.0005,74363,"Laupen",1714387.95006925,703391.303694041
"182",66700,"25_2025_03_18",2025-03-18,18262,32880,"RSV-B",6871.93,74363,"Laupen",1687602.51280879,824337.985363689
"183",66700,"25_2025_03_23",2025-03-23,23190,32880,"RSV-A",0,74363,"Laupen",0,392244.780952893
"184",66700,"25_2025_03_23",2025-03-23,23190,32880,"RSV-B",3291.5818,74363,"Laupen",1026475.28935089,364459.07850275
"185",66700,"25_2025_03_26",2025-03-26,18897,32880,"RSV-A",2767.9678,74363,"Laupen",703391.303694041,703391.303694041
"186",66700,"25_2025_03_26",2025-03-26,18897,32880,"RSV-B",0,74363,"Laupen",0,364459.07850275
"187",66700,"25_2025_03_28",2025-03-28,18307,32880,"RSV-A",0,74363,"Laupen",0,381877.735379154
"188",66700,"25_2025_03_28",2025-03-28,18307,32880,"RSV-B",1480.4321,74363,"Laupen",364459.07850275,333762.036012533
"189",66700,"25_2025_04_03",2025-04-03,17940,32880,"RSV-A",1582.9194,74363,"Laupen",381877.735379154,0
"190",66700,"25_2025_04_03",2025-04-03,17940,32880,"RSV-B",0,74363,"Laupen",0,333762.036012533
"191",66700,"25_2025_04_05",2025-04-05,17641,32880,"RSV-A",6069.166,74363,"Laupen",1439777.27372484,0
"192",66700,"25_2025_04_05",2025-04-05,17641,32880,"RSV-B",1406.924,74363,"Laupen",333762.036012533,0
"193",66700,"25_2025_04_07",2025-04-07,17616,32880,"RSV-A",0,74363,"Laupen",0,0
"194",66700,"25_2025_04_07",2025-04-07,17616,32880,"RSV-B",0,74363,"Laupen",0,333762.036012533
"195",66700,"25_2025_04_13",2025-04-13,28016,32880,"RSV-A",0,74363,"Laupen",0,0
"196",66700,"25_2025_04_13",2025-04-13,28016,32880,"RSV-B",1633.3739,74363,"Laupen",615367.90046663,0
"197",66700,"25_2025_04_15",2025-04-15,27549,32880,"RSV-A",0,74363,"Laupen",0,0
"198",66700,"25_2025_04_15",2025-04-15,27549,32880,"RSV-B",0,74363,"Laupen",0,0
"199",66700,"25_2025_04_18",2025-04-18,19183,32880,"RSV-A",1345.7377,74363,"Laupen",347152.297501446,0
"200",66700,"25_2025_04_18",2025-04-18,19183,32880,"RSV-B",1345.7377,74363,"Laupen",347152.297501446,0
"201",66700,"25_2025_04_23",2025-04-23,21160,32880,"RSV-A",0,74363,"Laupen",0,0
"202",66700,"25_2025_04_23",2025-04-23,21160,32880,"RSV-B",0,74363,"Laupen",0,0
"203",66700,"25_2025_04_26",2025-04-26,17356,32880,"RSV-A",3368.3503,74363,"Laupen",786158.275040006,NA
"204",66700,"25_2025_04_26",2025-04-26,17356,32880,"RSV-B",0,74363,"Laupen",0,NA
"205",66700,"25_2025_05_01",2025-05-01,17576,32880,"RSV-A",0,74363,"Laupen",0,NA
"206",66700,"25_2025_05_01",2025-05-01,17576,32880,"RSV-B",0,74363,"Laupen",0,NA
"207",66700,"25_2025_05_04",2025-05-04,50425,32880,"RSV-A",0,74363,"Laupen",0,NA
"208",66700,"25_2025_05_04",2025-05-04,50425,32880,"RSV-B",0,74363,"Laupen",0,NA
"209",270101,"15_2024_11_08",2024-11-08,65174,32880,"RSV-A",0,262917,"Basel",0,NA
"210",270101,"15_2024_11_08",2024-11-08,65174,32880,"RSV-B",0,262917,"Basel",0,NA
"211",270101,"15_2024_11_10",2024-11-10,60910,32880,"RSV-A",0,262917,"Basel",0,NA
"212",270101,"15_2024_11_10",2024-11-10,60910,32880,"RSV-B",0,262917,"Basel",0,NA
"213",270101,"15_2024_11_17",2024-11-17,56710,32880,"RSV-A",0,262917,"Basel",0,NA
"214",270101,"15_2024_11_17",2024-11-17,56710,32880,"RSV-B",0,262917,"Basel",0,NA
"215",270101,"15_2024_11_18",2024-11-18,61704,32880,"RSV-A",0,262917,"Basel",0,0
"216",270101,"15_2024_11_18",2024-11-18,61704,32880,"RSV-B",0,262917,"Basel",0,0
"217",270101,"15_2024_11_22",2024-11-22,97264,32880,"RSV-A",0,262917,"Basel",0,0
"218",270101,"15_2024_11_22",2024-11-22,97264,32880,"RSV-B",0,262917,"Basel",0,0
"219",270101,"15_2024_11_25",2024-11-25,108064,32880,"RSV-A",3664.3503,262917,"Basel",1506119.23466037,0
"220",270101,"15_2024_11_25",2024-11-25,108064,32880,"RSV-B",0,262917,"Basel",0,0
"221",270101,"15_2024_11_29",2024-11-29,74567,32880,"RSV-A",0,262917,"Basel",0,0
"222",270101,"15_2024_11_29",2024-11-29,74567,32880,"RSV-B",0,262917,"Basel",0,0
"223",270101,"15_2024_12_01",2024-12-01,61436,32880,"RSV-A",0,262917,"Basel",0,0
"224",270101,"15_2024_12_01",2024-12-01,61436,32880,"RSV-B",0,262917,"Basel",0,0
"225",270101,"15_2024_12_08",2024-12-08,88981,32880,"RSV-A",0,262917,"Basel",0,0
"226",270101,"15_2024_12_08",2024-12-08,88981,32880,"RSV-B",0,262917,"Basel",0,0
"227",270101,"15_2024_12_09",2024-12-09,79946,32880,"RSV-A",5702.0757,262917,"Basel",1733848.11142756,0
"228",270101,"15_2024_12_09",2024-12-09,79946,32880,"RSV-B",5099.2246,262917,"Basel",1550537.27933759,0
"229",270101,"15_2024_12_13",2024-12-13,63642,32880,"RSV-A",0,262917,"Basel",0,0
"230",270101,"15_2024_12_13",2024-12-13,63642,32880,"RSV-B",0,262917,"Basel",0,0
"231",270101,"15_2024_12_16",2024-12-16,62963,32880,"RSV-A",4572.782,262917,"Basel",1095083.51710236,0
"232",270101,"15_2024_12_16",2024-12-16,62963,32880,"RSV-B",0,262917,"Basel",0,0
"233",270101,"15_2025_01_01",2025-01-01,48343,32880,"RSV-A",0,262917,"Basel",0,0
"234",270101,"15_2025_01_01",2025-01-01,48343,32880,"RSV-B",0,262917,"Basel",0,667126.851488493
"235",270101,"15_2025_01_03",2025-01-03,114576,32880,"RSV-A",0,262917,"Basel",0,0
"236",270101,"15_2025_01_03",2025-01-03,114576,32880,"RSV-B",1530.8528,262917,"Basel",667126.851488493,405571.655151245
"237",270101,"15_2025_01_08",2025-01-08,143122,32880,"RSV-A",0,262917,"Basel",0,811167.081673684
"238",270101,"15_2025_01_08",2025-01-08,143122,32880,"RSV-B",1734.8501,262917,"Basel",944386.312076435,667126.851488493
"239",270101,"15_2025_01_12",2025-01-12,64736,32880,"RSV-A",7508.857,262917,"Basel",1848847.22841049,811167.081673684
"240",270101,"15_2025_01_12",2025-01-12,64736,32880,"RSV-B",4491.733,262917,"Basel",1105964.34421509,944386.312076435
"241",270101,"15_2025_01_16",2025-01-16,63003,32880,"RSV-A",3385.0708,262917,"Basel",811167.081673684,1848847.22841049
"242",270101,"15_2025_01_16",2025-01-16,63003,32880,"RSV-B",1692.4858,262917,"Basel",405571.655151245,1105964.34421509
"243",270101,"15_2025_01_20",2025-01-20,61394,32880,"RSV-A",23926.871,262917,"Basel",5587186.51960124,1848847.22841049
"244",270101,"15_2025_01_20",2025-01-20,61394,32880,"RSV-B",31951.375,262917,"Basel",7460996.11949779,1105964.34421509
"245",270101,"15_2025_01_21",2025-01-21,60528,32880,"RSV-A",29905.354,262917,"Basel",6884725.09161446,1848847.22841049
"246",270101,"15_2025_01_21",2025-01-21,60528,32880,"RSV-B",30462.807,262917,"Basel",7013060.32738849,2090119.67280549
"247",270101,"15_2025_01_24",2025-01-24,61815,32880,"RSV-A",74039.22,262917,"Basel",17407525.5091911,5587186.51960124
"248",270101,"15_2025_01_24",2025-01-24,61815,32880,"RSV-B",8889.881,262917,"Basel",2090119.67280549,2805878.75407068
"249",270101,"15_2025_01_29",2025-01-29,78073,32880,"RSV-A",0,262917,"Basel",0,5587186.51960124
"250",270101,"15_2025_01_29",2025-01-29,78073,32880,"RSV-B",3340.9502,262917,"Basel",992092.580413591,3843411.57393398
"251",270101,"15_2025_02_02",2025-02-02,57936,32880,"RSV-A",7877.7754,262917,"Basel",1735934.89798834,2928040.27608713
"252",270101,"15_2025_02_02",2025-02-02,57936,32880,"RSV-B",12733.244,262917,"Basel",2805878.75407068,2805878.75407068
"253",270101,"15_2025_02_06",2025-02-06,62256,32880,"RSV-A",27133.379,262917,"Basel",6424900.7976814,1735934.89798834
"254",270101,"15_2025_02_06",2025-02-06,62256,32880,"RSV-B",16231.339,262917,"Basel",3843411.57393398,2239345.01624962
"255",270101,"15_2025_02_10",2025-02-10,87299,32880,"RSV-A",8818.332,262917,"Basel",2928040.27608713,1735934.89798834
"256",270101,"15_2025_02_10",2025-02-10,87299,32880,"RSV-B",15602.612,262917,"Basel",5180693.62189588,2564372.86707972
"257",270101,"15_2025_02_11",2025-02-11,96773,32880,"RSV-A",3158.3142,262917,"Basel",1162494.39966453,2145393.21370623
"258",270101,"15_2025_02_11",2025-02-11,96773,32880,"RSV-B",5120.747,262917,"Basel",1884815.54799043,2564372.86707972
"259",270101,"15_2025_02_14",2025-02-14,73449,32880,"RSV-A",3079.731,262917,"Basel",860359.58960052,2244348.67018108
"260",270101,"15_2025_02_14",2025-02-14,73449,32880,"RSV-B",8015.9277,262917,"Basel",2239345.01624962,2564372.86707972
"261",270101,"15_2025_02_19",2025-02-19,62922,32880,"RSV-A",9377.919,262917,"Basel",2244348.67018108,2244348.67018108
"262",270101,"15_2025_02_19",2025-02-19,62922,32880,"RSV-B",10715.127,262917,"Basel",2564372.86707972,2239345.01624962
"263",270101,"15_2025_02_23",2025-02-23,62262,32880,"RSV-A",9059.464,262917,"Basel",2145393.21370623,2244348.67018108
"264",270101,"15_2025_02_23",2025-02-23,62262,32880,"RSV-B",6271.067,262917,"Basel",1485066.28918632,2063213.43754873
"265",270101,"15_2025_02_27",2025-02-27,85169,32880,"RSV-A",12174.311,262917,"Basel",3943730.88677796,2244348.67018108
"266",270101,"15_2025_02_27",2025-02-27,85169,32880,"RSV-B",8418.887,262917,"Basel",2727203.59239988,2063213.43754873
"267",270101,"15_2025_03_03",2025-03-03,57160,32880,"RSV-A",22382.379,262917,"Basel",4866086.19313319,2244348.67018108
"268",270101,"15_2025_03_03",2025-03-03,57160,32880,"RSV-B",9490.096,262917,"Basel",2063213.43754873,1485066.28918632
"269",270101,"15_2025_03_04",2025-03-04,57742,32880,"RSV-A",14521.352,262917,"Basel",3189188.63057163,2145393.21370623
"270",270101,"15_2025_03_04",2025-03-04,57742,32880,"RSV-B",5451.909,262917,"Basel",1197351.74780634,1485066.28918632
"271",270101,"15_2025_03_07",2025-03-07,56987,32880,"RSV-A",1450.5625,262917,"Basel",314407.988785434,1232334.69645173
"272",270101,"15_2025_03_07",2025-03-07,56987,32880,"RSV-B",0,262917,"Basel",0,2063213.43754873
"273",270101,"15_2025_03_12",2025-03-12,125699,32880,"RSV-A",1430.1063,262917,"Basel",683725.022739876,1232334.69645173
"274",270101,"15_2025_03_12",2025-03-12,125699,32880,"RSV-B",0,262917,"Basel",0,2063213.43754873
"275",270101,"15_2025_03_16",2025-03-16,90284,32880,"RSV-A",1302.7894,262917,"Basel",447369.467130691,683725.022739876
"276",270101,"15_2025_03_16",2025-03-16,90284,32880,"RSV-B",8437.082,262917,"Basel",2897239.47591065,2897239.47591065
"277",270101,"15_2025_03_20",2025-03-20,60899,32880,"RSV-A",5320.313,262917,"Basel",1232334.69645173,683725.022739876
"278",270101,"15_2025_03_20",2025-03-20,60899,32880,"RSV-B",20568.898,262917,"Basel",4764337.48788401,2897239.47591065
"279",270101,"15_2025_03_24",2025-03-24,80618,32880,"RSV-A",5263.242,262917,"Basel",1613863.09579069,683725.022739876
"280",270101,"15_2025_03_24",2025-03-24,80618,32880,"RSV-B",11554.023,262917,"Basel",3542799.53831057,2897239.47591065
"281",270101,"15_2025_03_25",2025-03-25,69512,32880,"RSV-A",1779.0609,262917,"Basel",470361.677947033,470361.677947033
"282",270101,"15_2025_03_25",2025-03-25,69512,32880,"RSV-B",11474.918,262917,"Basel",3033826.26462344,2897239.47591065
"283",270101,"15_2025_03_28",2025-03-28,59119,32880,"RSV-A",3526.107,262917,"Basel",792873.491379409,470361.677947033
"284",270101,"15_2025_03_28",2025-03-28,59119,32880,"RSV-B",3518.3967,262917,"Basel",791139.768471799,791139.768471799
"285",270101,"15_2025_04_02",2025-04-02,48955,32880,"RSV-A",0,262917,"Basel",0,259073.687358368
"286",270101,"15_2025_04_02",2025-04-02,48955,32880,"RSV-B",0,262917,"Basel",0,605525.382002685
"287",270101,"15_2025_04_06",2025-04-06,46868,32880,"RSV-A",1453.3344,262917,"Basel",259073.687358368,259073.687358368
"288",270101,"15_2025_04_06",2025-04-06,46868,32880,"RSV-B",1453.3344,262917,"Basel",259073.687358368,597883.111128227
"289",270101,"15_2025_04_10",2025-04-10,53755,32880,"RSV-A",0,262917,"Basel",0,236603.975992043
"290",270101,"15_2025_04_10",2025-04-10,53755,32880,"RSV-B",2924.2607,262917,"Basel",597883.111128227,492039.384788736
"291",270101,"15_2025_04_14",2025-04-14,109400,32880,"RSV-A",0,262917,"Basel",0,0
"292",270101,"15_2025_04_14",2025-04-14,109400,32880,"RSV-B",1455.2369,262917,"Basel",605525.382002685,479190.894336996
"293",270101,"15_2025_04_15",2025-04-15,91797,32880,"RSV-A",1347.9972,262917,"Basel",470650.80983124,236603.975992043
"294",270101,"15_2025_04_15",2025-04-15,91797,32880,"RSV-B",1409.2565,262917,"Basel",492039.384788736,479190.894336996
"295",270101,"15_2025_04_18",2025-04-18,46079,32880,"RSV-A",1350.0121,262917,"Basel",236603.975992043,NA
"296",270101,"15_2025_04_18",2025-04-18,46079,32880,"RSV-B",2734.1616,262917,"Basel",479190.894336996,NA
"297",270101,"15_2025_05_01",2025-05-01,46142,32880,"RSV-A",0,262917,"Basel",0,NA
"298",270101,"15_2025_05_01",2025-05-01,46142,32880,"RSV-B",0,262917,"Basel",0,NA
"299",270101,"15_2025_05_05",2025-05-05,138358,32880,"RSV-A",1449.1807,262917,"Basel",762619.926785259,NA
"300",270101,"15_2025_05_05",2025-05-05,138358,32880,"RSV-B",0,262917,"Basel",0,NA
"301",390101,"17_2024_11_08",2024-11-08,12593,32880,"RSV-A",1615.7504,54729,"Chur",371779.948239507,NA
"302",390101,"17_2024_11_08",2024-11-08,12593,32880,"RSV-B",0,54729,"Chur",0,NA
"303",390101,"17_2024_11_09",2024-11-09,11500,32880,"RSV-A",0,54729,"Chur",0,NA
"304",390101,"17_2024_11_09",2024-11-09,11500,32880,"RSV-B",0,54729,"Chur",0,NA
"305",390101,"17_2024_11_16",2024-11-16,11403,32880,"RSV-A",6057.314,54729,"Chur",1262064.92978129,NA
"306",390101,"17_2024_11_16",2024-11-16,11403,32880,"RSV-B",0,54729,"Chur",0,NA
"307",390101,"17_2024_11_17",2024-11-17,11479,32880,"RSV-A",0,54729,"Chur",0,0
"308",390101,"17_2024_11_17",2024-11-17,11479,32880,"RSV-B",0,54729,"Chur",0,0
"309",390101,"17_2024_11_22",2024-11-22,15964,32880,"RSV-A",0,54729,"Chur",0,0
"310",390101,"17_2024_11_22",2024-11-22,15964,32880,"RSV-B",0,54729,"Chur",0,0
"311",390101,"17_2024_11_24",2024-11-24,24748,32880,"RSV-A",5598.105,54729,"Chur",2531416.66282958,1096854.65877323
"312",390101,"17_2024_11_24",2024-11-24,24748,32880,"RSV-B",0,54729,"Chur",0,0
"313",390101,"17_2024_11_29",2024-11-29,15637,32880,"RSV-A",0,54729,"Chur",0,1096854.65877323
"314",390101,"17_2024_11_29",2024-11-29,15637,32880,"RSV-B",1370.2375,54729,"Chur",391500.005253156,0
"315",390101,"17_2024_11_30",2024-11-30,11635,32880,"RSV-A",5159.412,54729,"Chur",1096854.65877323,1842295.98434103
"316",390101,"17_2024_11_30",2024-11-30,11635,32880,"RSV-B",0,54729,"Chur",0,333610.187242595
"317",390101,"17_2024_12_07",2024-12-07,13573,32880,"RSV-A",7428.499,54729,"Chur",1842295.98434103,1842295.98434103
"318",390101,"17_2024_12_07",2024-12-07,13573,32880,"RSV-B",2996.0015,54729,"Chur",743019.758437026,361687.382811672
"319",390101,"17_2024_12_08",2024-12-08,13097,32880,"RSV-A",12271.6875,54729,"Chur",2936693.36526339,1669663.4190283
"320",390101,"17_2024_12_08",2024-12-08,13097,32880,"RSV-B",1511.3987,54729,"Chur",361687.382811672,361687.382811672
"321",390101,"17_2024_12_13",2024-12-13,12592,32880,"RSV-A",17611.195,54729,"Chur",4051968.19675127,1669663.4190283
"322",390101,"17_2024_12_13",2024-12-13,12592,32880,"RSV-B",1449.9803,54729,"Chur",333610.187242595,361687.382811672
"323",390101,"17_2024_12_15",2024-12-15,15231,32880,"RSV-A",4138.1846,54729,"Chur",1151650.67226882,1842295.98434103
"324",390101,"17_2024_12_15",2024-12-15,15231,32880,"RSV-B",12412.186,54729,"Chur",3454293.06155786,743019.758437026
"325",390101,"17_2024_12_20",2024-12-20,18452,32880,"RSV-A",4952.255,54729,"Chur",1669663.4190283,2477366.0373842
"326",390101,"17_2024_12_20",2024-12-20,18452,32880,"RSV-B",0,54729,"Chur",0,1758389.03305377
"327",390101,"17_2024_12_21",2024-12-21,12006,32880,"RSV-A",2907.473,54729,"Chur",637817.625719454,2477366.0373842
"328",390101,"17_2024_12_21",2024-12-21,12006,32880,"RSV-B",8015.565,54729,"Chur",1758389.03305377,1758389.03305377
"329",390101,"17_2024_12_28",2024-12-28,12315,32880,"RSV-A",11009.644,54729,"Chur",2477366.0373842,2477366.0373842
"330",390101,"17_2024_12_28",2024-12-28,12315,32880,"RSV-B",31575.879,54729,"Chur",7105135.30093735,2334764.80955252
"331",390101,"17_2024_12_29",2024-12-29,12169,32880,"RSV-A",15751.3125,54729,"Chur",3502306.30584334,2621290.72866305
"332",390101,"17_2024_12_29",2024-12-29,12169,32880,"RSV-B",10500.398,54729,"Chur",2334764.80955252,1758389.03305377
"333",390101,"17_2025_01_01",2025-01-01,11907,32880,"RSV-A",12048.427,54729,"Chur",2621290.72866305,2621290.72866305
"334",390101,"17_2025_01_01",2025-01-01,11907,32880,"RSV-B",6594.091,54729,"Chur",1434629.56635422,2334764.80955252
"335",390101,"17_2025_01_03",2025-01-03,19711,32880,"RSV-A",10367.337,54729,"Chur",3733862.84432385,2621290.72866305
"336",390101,"17_2025_01_03",2025-01-03,19711,32880,"RSV-B",10367.337,54729,"Chur",3733862.84432385,2334764.80955252
"337",390101,"17_2025_01_09",2025-01-09,15829,32880,"RSV-A",10713.605,54729,"Chur",3098643.38001791,3098643.38001791
"338",390101,"17_2025_01_09",2025-01-09,15829,32880,"RSV-B",5899.992,54729,"Chur",1706425.72252371,2135107.55226662
"339",390101,"17_2025_01_11",2025-01-11,14843,32880,"RSV-A",7791.5127,54729,"Chur",2113128.74355643,3098643.38001791
"340",390101,"17_2025_01_11",2025-01-11,14843,32880,"RSV-B",16090.824,54729,"Chur",4363977.06210601,2135107.55226662
"341",390101,"17_2025_01_13",2025-01-13,12884,32880,"RSV-A",7385.66,54729,"Chur",1738691.43306108,3733862.84432385
"342",390101,"17_2025_01_13",2025-01-13,12884,32880,"RSV-B",9069.567,54729,"Chur",2135107.55226662,3733862.84432385
"343",390101,"17_2025_01_19",2025-01-19,12354,32880,"RSV-A",79190.61,54729,"Chur",17875729.4293702,3098643.38001791
"344",390101,"17_2025_01_19",2025-01-19,12354,32880,"RSV-B",9025.948,54729,"Chur",2037431.00718084,2135107.55226662
"345",390101,"17_2025_01_21",2025-01-21,12910,32880,"RSV-A",23467.203,54729,"Chur",5535668.30619964,5535668.30619964
"346",390101,"17_2025_01_21",2025-01-21,12910,32880,"RSV-B",21435.777,54729,"Chur",5056476.11083703,3058292.41235908
"347",390101,"17_2025_01_24",2025-01-24,12880,32880,"RSV-A",52348.242,54729,"Chur",12319709.0566245,5535668.30619964
"348",390101,"17_2025_01_24",2025-01-24,12880,32880,"RSV-B",16661.195,54729,"Chur",3921069.11509437,2135107.55226662
"349",390101,"17_2025_01_29",2025-01-29,21048,32880,"RSV-A",4906.777,54729,"Chur",1887077.09433755,6117266.69882512
"350",390101,"17_2025_01_29",2025-01-29,21048,32880,"RSV-B",5370.3643,54729,"Chur",2065366.21875788,2065366.21875788
"351",390101,"17_2025_02_01",2025-02-01,13196,32880,"RSV-A",25370.71,54729,"Chur",6117266.69882512,5535668.30619964
"352",390101,"17_2025_02_01",2025-02-01,13196,32880,"RSV-B",12683.941,54729,"Chur",3058292.41235908,2065366.21875788
"353",390101,"17_2025_02_06",2025-02-06,9317,32880,"RSV-A",10535.084,54729,"Chur",1793480.19565495,6117266.69882512
"354",390101,"17_2025_02_06",2025-02-06,9317,32880,"RSV-B",2190.936,54729,"Chur",372982.344131996,2065366.21875788
"355",390101,"17_2025_02_09",2025-02-09,9402,32880,"RSV-A",40074.008,54729,"Chur",6884390.78397193,6091373.08830784
"356",390101,"17_2025_02_09",2025-02-09,9402,32880,"RSV-B",10469.041,54729,"Chur",1798496.65592282,2065366.21875788
"357",390101,"17_2025_02_10",2025-02-10,10393,32880,"RSV-A",23763.006,54729,"Chur",4512578.73080085,6117266.69882512
"358",390101,"17_2025_02_10",2025-02-10,10393,32880,"RSV-B",6431.421,54729,"Chur",1221322.48813243,2185004.98094246
"359",390101,"17_2025_02_14",2025-02-14,12589,32880,"RSV-A",55404.03,54729,"Chur",12744273.3042811,6091373.08830784
"360",390101,"17_2025_02_14",2025-02-14,12589,32880,"RSV-B",9499.018,54729,"Chur",2185004.98094246,1916859.97368854
"361",390101,"17_2025_02_18",2025-02-18,10125,32880,"RSV-A",32925.902,54729,"Chur",6091373.08830784,6091373.08830784
"362",390101,"17_2025_02_18",2025-02-18,10125,32880,"RSV-B",14196.387,54729,"Chur",2626366.61322151,2185004.98094246
"363",390101,"17_2025_02_22",2025-02-22,9425,32880,"RSV-A",58623.523,54729,"Chur",10095684.2674816,4512578.73080085
"364",390101,"17_2025_02_22",2025-02-22,9425,32880,"RSV-B",19611.111,54729,"Chur",3377272.03447898,2185004.98094246
"365",390101,"17_2025_02_26",2025-02-26,9970,32880,"RSV-A",14363.367,54729,"Chur",2616579.30877597,3637707.33691462
"366",390101,"17_2025_02_26",2025-02-26,9970,32880,"RSV-B",10522.35,54729,"Chur",1916859.97368854,2185004.98094246
"367",390101,"17_2025_03_02",2025-03-02,8882,32880,"RSV-A",22414.781,54729,"Chur",3637707.33691462,3041881.70765042
"368",390101,"17_2025_03_02",2025-03-02,8882,32880,"RSV-B",17423.328,54729,"Chur",2827641.6396426,1916859.97368854
"369",390101,"17_2025_03_06",2025-03-06,9507,32880,"RSV-A",16427.3,54729,"Chur",2853593.90999287,2853593.90999287
"370",390101,"17_2025_03_06",2025-03-06,9507,32880,"RSV-B",9721.463,54729,"Chur",1688719.85128542,1688719.85128542
"371",390101,"17_2025_03_07",2025-03-07,10822,32880,"RSV-A",15383.399,54729,"Chur",3041881.70765042,2654210.00038371
"372",390101,"17_2025_03_07",2025-03-07,10822,32880,"RSV-B",1566.5321,54729,"Chur",309762.838462241,1455048.35484295
"373",390101,"17_2025_03_10",2025-03-10,10879,32880,"RSV-A",4302.2627,54729,"Chur",855201.372458843,2853593.90999287
"374",390101,"17_2025_03_10",2025-03-10,10879,32880,"RSV-B",1340.8678,54729,"Chur",266536.951089916,1445958.71972811
"375",390101,"17_2025_03_15",2025-03-15,10767,32880,"RSV-A",13491.433,54729,"Chur",2654210.00038371,2853593.90999287
"376",390101,"17_2025_03_15",2025-03-15,10767,32880,"RSV-B",7396.0566,54729,"Chur",1455048.35484295,949393.667404849
"377",390101,"17_2025_03_18",2025-03-18,10063,32880,"RSV-A",7444.433,54729,"Chur",1368805.00792998,3041881.70765042
"378",390101,"17_2025_03_18",2025-03-18,10063,32880,"RSV-B",7864.044,54729,"Chur",1445958.71972811,949393.667404849
"379",390101,"17_2025_03_25",2025-03-25,9877,32880,"RSV-A",47000.875,54729,"Chur",8482297.18019697,2654210.00038371
"380",390101,"17_2025_03_25",2025-03-25,9877,32880,"RSV-B",1363.2572,54729,"Chur",246028.455926474,1390077.98001973
"381",390101,"17_2025_03_26",2025-03-26,9778,32880,"RSV-A",22124.717,54729,"Chur",3952849.18098266,2654210.00038371
"382",390101,"17_2025_03_26",2025-03-26,9778,32880,"RSV-B",5313.9053,54729,"Chur",949393.667404849,1390077.98001973
"383",390101,"17_2025_03_28",2025-03-28,10077,32880,"RSV-A",36912.312,54729,"Chur",6796494.875185,1862320.73014307
"384",390101,"17_2025_03_28",2025-03-28,10077,32880,"RSV-B",12645.049,54729,"Chur",2328274.93235762,1353384.93988562
"385",390101,"17_2025_04_03",2025-04-03,10071,32880,"RSV-A",10120.44,54729,"Chur",1862320.73014307,2202889.01618886
"386",390101,"17_2025_04_03",2025-04-03,10071,32880,"RSV-B",7554.1235,54729,"Chur",1390077.98001973,1353384.93988562
"387",390101,"17_2025_04_05",2025-04-05,9217,32880,"RSV-A",4392.2085,54729,"Chur",739698.984898317,1862320.73014307
"388",390101,"17_2025_04_05",2025-04-05,9217,32880,"RSV-B",7370.073,54729,"Chur",1241205.99391547,1353384.93988562
"389",390101,"17_2025_04_07",2025-04-07,9125,32880,"RSV-A",4900.9683,54729,"Chur",817141.474127063,1157081.18531674
"390",390101,"17_2025_04_07",2025-04-07,9125,32880,"RSV-B",8117.195,54729,"Chur",1353384.93988562,1353384.93988562
"391",390101,"17_2025_04_13",2025-04-13,9931,32880,"RSV-A",12139.957,54729,"Chur",2202889.01618886,817141.474127063
"392",390101,"17_2025_04_13",2025-04-13,9931,32880,"RSV-B",10288.102,54729,"Chur",1866855.61515833,1241205.99391547
"393",390101,"17_2025_04_15",2025-04-15,9654,32880,"RSV-A",3107.7134,54729,"Chur",548189.536874418,739698.984898317
"394",390101,"17_2025_04_15",2025-04-15,9654,32880,"RSV-B",0,54729,"Chur",0,689803.410995998
"395",390101,"17_2025_04_18",2025-04-18,9292,32880,"RSV-A",6815.0986,54729,"Chur",1157081.18531674,731328.154214402
"396",390101,"17_2025_04_18",2025-04-18,9292,32880,"RSV-B",2665.8428,54729,"Chur",452612.167180106,689803.410995998
"397",390101,"17_2025_04_23",2025-04-23,10862,32880,"RSV-A",3215.77,54729,"Chur",638230.074366424,638230.074366424
"398",390101,"17_2025_04_23",2025-04-23,10862,32880,"RSV-B",3202.9907,54729,"Chur",635693.781786621,635693.781786621
"399",390101,"17_2025_04_26",2025-04-26,8428,32880,"RSV-A",4749.034,54729,"Chur",731328.154214402,NA
"400",390101,"17_2025_04_26",2025-04-26,8428,32880,"RSV-B",4479.3843,54729,"Chur",689803.410995998,NA
"401",390101,"17_2025_05_01",2025-05-01,9393,32880,"RSV-A",0,54729,"Chur",0,NA
"402",390101,"17_2025_05_01",2025-05-01,9393,32880,"RSV-B",4346.452,54729,"Chur",745970.575672861,NA
"403",390101,"17_2025_05_04",2025-05-04,16079,32880,"RSV-A",0,54729,"Chur",0,NA
"404",390101,"17_2025_05_04",2025-05-04,16079,32880,"RSV-B",1865.892,54729,"Chur",548186.107328839,NA
"405",515100,"5_2024_11_08",2024-11-08,50786,32880,"RSV-A",0,117963,"Lugano",0,NA
"406",515100,"5_2024_11_08",2024-11-08,50786,32880,"RSV-B",2381.8804,117963,"Lugano",1025458.64376457,NA
"407",515100,"5_2024_11_09",2024-11-09,47653,32880,"RSV-A",1240.9769,117963,"Lugano",501312.040349092,NA
"408",515100,"5_2024_11_09",2024-11-09,47653,32880,"RSV-B",0,117963,"Lugano",0,NA
"409",515100,"5_2024_11_16",2024-11-16,42417,32880,"RSV-A",0,117963,"Lugano",0,NA
"410",515100,"5_2024_11_16",2024-11-16,42417,32880,"RSV-B",1566.2775,117963,"Lugano",563200.263790341,NA
"411",515100,"5_2024_11_17",2024-11-17,42142,32880,"RSV-A",1360.3057,117963,"Lugano",485965.962288175,485965.962288175
"412",515100,"5_2024_11_17",2024-11-17,42142,32880,"RSV-B",1394.9723,117963,"Lugano",498350.52233836,563200.263790341
"413",515100,"5_2024_11_22",2024-11-22,48446,32880,"RSV-A",1356.0294,117963,"Lugano",556905.133918263,501312.040349092
"414",515100,"5_2024_11_22",2024-11-22,48446,32880,"RSV-B",2712.1226,117963,"Lugano",1113836.46973712,563200.263790341
"415",515100,"5_2024_11_24",2024-11-24,43742,32880,"RSV-A",0,117963,"Lugano",0,556905.133918263
"416",515100,"5_2024_11_24",2024-11-24,43742,32880,"RSV-B",4745.8955,117963,"Lugano",1759831.14163763,1113836.46973712
"417",515100,"5_2024_11_29",2024-11-29,41533,32880,"RSV-A",4653.689,117963,"Lugano",1638493.97893407,1551966.86554259
"418",515100,"5_2024_11_29",2024-11-29,41533,32880,"RSV-B",0,117963,"Lugano",0,1533294.02598442
"419",515100,"5_2024_11_30",2024-11-30,39112,32880,"RSV-A",4680.78,117963,"Lugano",1551966.86554259,1638493.97893407
"420",515100,"5_2024_11_30",2024-11-30,39112,32880,"RSV-B",7813.08,117963,"Lugano",2590517.23811704,1759831.14163763
"421",515100,"5_2024_12_07",2024-12-07,38563,32880,"RSV-A",33271.69,117963,"Lugano",10876767.9820791,2410295.86015954
"422",515100,"5_2024_12_07",2024-12-07,38563,32880,"RSV-B",5808.9375,117963,"Lugano",1898985.75665675,1898985.75665675
"423",515100,"5_2024_12_08",2024-12-08,39068,32880,"RSV-A",7277.714,117963,"Lugano",2410295.86015954,5458819.14007782
"424",515100,"5_2024_12_08",2024-12-08,39068,32880,"RSV-B",4629.6704,117963,"Lugano",1533294.02598442,2462921.17497859
"425",515100,"5_2024_12_13",2024-12-13,40113,32880,"RSV-A",16053.117,117963,"Lugano",5458819.14007782,5458819.14007782
"426",515100,"5_2024_12_13",2024-12-13,40113,32880,"RSV-B",13794.759,117963,"Lugano",4690870.59304189,2521620.63567729
"427",515100,"5_2024_12_15",2024-12-15,36854,32880,"RSV-A",21271.441,117963,"Lugano",6645623.51427142,6645623.51427142
"428",515100,"5_2024_12_15",2024-12-15,36854,32880,"RSV-B",7883.366,117963,"Lugano",2462921.17497859,2521620.63567729
"429",515100,"5_2024_12_20",2024-12-20,37952,32880,"RSV-A",23081.95,117963,"Lugano",7426109.59707705,6645623.51427142
"430",515100,"5_2024_12_20",2024-12-20,37952,32880,"RSV-B",7837.7407,117963,"Lugano",2521620.63567729,3173602.23088596
"431",515100,"5_2024_12_21",2024-12-21,35473,32880,"RSV-A",9894.873,117963,"Lugano",2975516.30535846,6759653.47251257
"432",515100,"5_2024_12_21",2024-12-21,35473,32880,"RSV-B",10553.594,117963,"Lugano",3173602.23088596,3783695.25658045
"433",515100,"5_2024_12_28",2024-12-28,33719,32880,"RSV-A",23648.062,117963,"Lugano",6759653.47251257,7426109.59707705
"434",515100,"5_2024_12_28",2024-12-28,33719,32880,"RSV-B",16194.358,117963,"Lugano",4629057.90291871,3783695.25658045
"435",515100,"5_2024_12_29",2024-12-29,33062,32880,"RSV-A",65301.69,117963,"Lugano",18302386.9754075,7426109.59707705
"436",515100,"5_2024_12_29",2024-12-29,33062,32880,"RSV-B",18333.465,117963,"Lugano",5138399.49670659,3783695.25658045
"437",515100,"5_2025_01_09",2025-01-09,45612,32880,"RSV-A",30638.688,117963,"Lugano",11846865.8567178,8604942.83406661
"438",515100,"5_2025_01_09",2025-01-09,45612,32880,"RSV-B",9785.496,117963,"Lugano",3783695.25658045,3783695.25658045
"439",515100,"5_2025_01_11",2025-01-11,38638,32880,"RSV-A",27117.32,117963,"Lugano",8882098.71027356,8882098.71027356
"440",515100,"5_2025_01_11",2025-01-11,38638,32880,"RSV-B",12767.78,117963,"Lugano",4182001.84498529,3783695.25658045
"441",515100,"5_2025_01_13",2025-01-13,40833,32880,"RSV-A",16272.596,117963,"Lugano",5632773.94155794,9324531.54502683
"442",515100,"5_2025_01_13",2025-01-13,40833,32880,"RSV-B",8211.631,117963,"Lugano",2842463.55741207,2842463.55741207
"443",515100,"5_2025_01_19",2025-01-19,44473,32880,"RSV-A",22824.295,117963,"Lugano",8604942.83406661,8882098.71027356
"444",515100,"5_2025_01_19",2025-01-19,44473,32880,"RSV-B",5449.2163,117963,"Lugano",2054398.38347533,2131554.34327543
"445",515100,"5_2025_01_21",2025-01-21,40274,32880,"RSV-A",34575.863,117963,"Lugano",11804619.2997974,8882098.71027356
"446",515100,"5_2025_01_21",2025-01-21,40274,32880,"RSV-B",6243.3467,117963,"Lugano",2131554.34327543,2131554.34327543
"447",515100,"5_2025_01_24",2025-01-24,39057,32880,"RSV-A",28162.678,117963,"Lugano",9324531.54502683,8604942.83406661
"448",515100,"5_2025_01_24",2025-01-24,39057,32880,"RSV-B",5124.8286,117963,"Lugano",1696806.88546578,2054398.38347533
"449",515100,"5_2025_01_29",2025-01-29,74162,32880,"RSV-A",9129.103,117963,"Lugano",5739363.50114867,8604942.83406661
"450",515100,"5_2025_01_29",2025-01-29,74162,32880,"RSV-B",0,117963,"Lugano",0,1696806.88546578
"451",515100,"5_2025_02_01",2025-02-01,72319,32880,"RSV-A",15036.73,117963,"Lugano",9218494.5861838,7529726.11795224
"452",515100,"5_2025_02_01",2025-02-01,72319,32880,"RSV-B",13484.475,117963,"Lugano",8266861.19821469,1427225.10602731
"453",515100,"5_2025_02_06",2025-02-06,49781,32880,"RSV-A",5969.799,117963,"Lugano",2519286.25093462,7529726.11795224
"454",515100,"5_2025_02_06",2025-02-06,49781,32880,"RSV-B",3382.0083,117963,"Lugano",1427225.10602731,1427225.10602731
"455",515100,"5_2025_02_09",2025-02-09,86847,32880,"RSV-A",10227.516,117963,"Lugano",7529726.11795224,7529726.11795224
"456",515100,"5_2025_02_09",2025-02-09,86847,32880,"RSV-B",762.1313,117963,"Lugano",561098.115604893,1427225.10602731
"457",515100,"5_2025_02_10",2025-02-10,54837,32880,"RSV-A",5543.974,117963,"Lugano",2577205.5834287,7529726.11795224
"458",515100,"5_2025_02_10",2025-02-10,54837,32880,"RSV-B",1482.7866,117963,"Lugano",689297.226962692,1427225.10602731
"459",515100,"5_2025_02_14",2025-02-14,51507,32880,"RSV-A",17544.877,117963,"Lugano",7660740.90722515,6174791.40314336
"460",515100,"5_2025_02_14",2025-02-14,51507,32880,"RSV-B",17679.52,117963,"Lugano",7719531.0109102,1027493.37046362
"461",515100,"5_2025_02_18",2025-02-18,48268,32880,"RSV-A",21880.594,117963,"Lugano",8953082.84116206,6174791.40314336
"462",515100,"5_2025_02_18",2025-02-18,48268,32880,"RSV-B",7287.3936,117963,"Lugano",2981849.51454948,1027493.37046362
"463",515100,"5_2025_02_22",2025-02-22,43623,32880,"RSV-A",16697.543,117963,"Lugano",6174791.40314336,6103602.73746853
"464",515100,"5_2025_02_22",2025-02-22,43623,32880,"RSV-B",1718.0404,117963,"Lugano",635335.455771725,1511487.30344261
"465",515100,"5_2025_02_26",2025-02-26,47130,32880,"RSV-A",6457.5225,117963,"Lugano",2579987.24536507,6103602.73746853
"466",515100,"5_2025_02_26",2025-02-26,47130,32880,"RSV-B",2571.742,117963,"Lugano",1027493.37046362,2981849.51454948
"467",515100,"5_2025_03_02",2025-03-02,43380,32880,"RSV-A",16597.494,117963,"Lugano",6103602.73746853,5671467.32637776
"468",515100,"5_2025_03_02",2025-03-02,43380,32880,"RSV-B",11863.256,117963,"Lugano",4362622.56198978,1511487.30344261
"469",515100,"5_2025_03_06",2025-03-06,42247,32880,"RSV-A",13914.939,117963,"Lugano",4983464.5433992,5671467.32637776
"470",515100,"5_2025_03_06",2025-03-06,42247,32880,"RSV-B",4220.408,117963,"Lugano",1511487.30344261,1240853.96115392
"471",515100,"5_2025_03_07",2025-03-07,42121,32880,"RSV-A",13511.017,117963,"Lugano",4824373.29549944,4983464.5433992
"472",515100,"5_2025_03_07",2025-03-07,42121,32880,"RSV-B",8384.895,117963,"Lugano",2993991.01663233,1240853.96115392
"473",515100,"5_2025_03_10",2025-03-10,95061,32880,"RSV-A",7037.8315,117963,"Lugano",5671467.32637776,5671467.32637776
"474",515100,"5_2025_03_10",2025-03-10,95061,32880,"RSV-B",0,117963,"Lugano",0,1511487.30344261
"475",515100,"5_2025_03_15",2025-03-15,110476,32880,"RSV-A",14963.725,117963,"Lugano",14013991.5320906,5671467.32637776
"476",515100,"5_2025_03_15",2025-03-15,110476,32880,"RSV-B",1324.9471,117963,"Lugano",1240853.96115392,1240853.96115392
"477",515100,"5_2025_03_18",2025-03-18,75551,32880,"RSV-A",5206.5176,117963,"Lugano",3334584.66805354,5920485.68856336
"478",515100,"5_2025_03_18",2025-03-18,75551,32880,"RSV-B",0,117963,"Lugano",0,1240853.96115392
"479",515100,"5_2025_03_23",2025-03-23,91973,32880,"RSV-A",7648.1895,117963,"Lugano",5963114.98421963,5920485.68856336
"480",515100,"5_2025_03_23",2025-03-23,91973,32880,"RSV-B",6605.6465,117963,"Lugano",5150268.52101506,1240853.96115392
"481",515100,"5_2025_03_26",2025-03-26,61320,32880,"RSV-A",11389.404,117963,"Lugano",5920485.68856336,5920485.68856336
"482",515100,"5_2025_03_26",2025-03-26,61320,32880,"RSV-B",1521.8247,117963,"Lugano",791081.022049287,2605040.46108356
"483",515100,"5_2025_03_28",2025-03-28,55764,32880,"RSV-A",13337.326,117963,"Lugano",6304880.74280918,3334584.66805354
"484",515100,"5_2025_03_28",2025-03-28,55764,32880,"RSV-B",11222.542,117963,"Lugano",5305170.53727016,2605040.46108356
"485",515100,"5_2025_04_03",2025-04-03,49478,32880,"RSV-A",6210.8086,117963,"Lugano",2605040.46108356,3663069.69980418
"486",515100,"5_2025_04_03",2025-04-03,49478,32880,"RSV-B",6210.8086,117963,"Lugano",2605040.46108356,2605040.46108356
"487",515100,"5_2025_04_05",2025-04-05,45050,32880,"RSV-A",7709.131,117963,"Lugano",2944112.5738579,2944112.5738579
"488",515100,"5_2025_04_05",2025-04-05,45050,32880,"RSV-B",7709.131,117963,"Lugano",2944112.5738579,1556829.26189314
"489",515100,"5_2025_04_07",2025-04-07,46729,32880,"RSV-A",1397.0626,117963,"Lugano",553422.159790782,2605040.46108356
"490",515100,"5_2025_04_07",2025-04-07,46729,32880,"RSV-B",0,117963,"Lugano",0,1933935.07087477
"491",515100,"5_2025_04_13",2025-04-13,51949,32880,"RSV-A",8317.902,117963,"Lugano",3663069.69980418,553422.159790782
"492",515100,"5_2025_04_13",2025-04-13,51949,32880,"RSV-B",3535.1643,117963,"Lugano",1556829.26189314,1556829.26189314
"493",515100,"5_2025_04_15",2025-04-15,91800,32880,"RSV-A",0,117963,"Lugano",0,0
"494",515100,"5_2025_04_15",2025-04-15,91800,32880,"RSV-B",0,117963,"Lugano",0,0
"495",515100,"5_2025_04_18",2025-04-18,62492,32880,"RSV-A",0,117963,"Lugano",0,0
"496",515100,"5_2025_04_18",2025-04-18,62492,32880,"RSV-B",3650.5918,117963,"Lugano",1933935.07087477,0
"497",515100,"5_2025_04_23",2025-04-23,129452,32880,"RSV-A",0,117963,"Lugano",0,0
"498",515100,"5_2025_04_23",2025-04-23,129452,32880,"RSV-B",0,117963,"Lugano",0,0
"499",515100,"5_2025_04_26",2025-04-26,73229,32880,"RSV-A",0,117963,"Lugano",0,NA
"500",515100,"5_2025_04_26",2025-04-26,73229,32880,"RSV-B",0,117963,"Lugano",0,NA
"501",515100,"5_2025_05_01",2025-05-01,54462,32880,"RSV-A",0,117963,"Lugano",0,NA
"502",515100,"5_2025_05_01",2025-05-01,54462,32880,"RSV-B",0,117963,"Lugano",0,NA
"503",515100,"5_2025_05_04",2025-05-04,116773,32880,"RSV-A",0,117963,"Lugano",0,NA
"504",515100,"5_2025_05_04",2025-05-04,116773,32880,"RSV-B",0,117963,"Lugano",0,NA
"505",664301,"16_2024_11_07",2024-11-07,148823,32880,"RSV-A",0,405083,"Aire",0,NA
"506",664301,"16_2024_11_07",2024-11-07,148823,32880,"RSV-B",8854.198,405083,"Aire",3252934.11215479,NA
"507",664301,"16_2024_11_08",2024-11-08,148187,32880,"RSV-A",0,405083,"Aire",0,NA
"508",664301,"16_2024_11_08",2024-11-08,148187,32880,"RSV-B",4252.027,405083,"Aire",1555471.65654693,NA
"509",664301,"16_2024_11_17",2024-11-17,132810,32880,"RSV-A",2717.6582,405083,"Aire",891007.979949788,NA
"510",664301,"16_2024_11_17",2024-11-17,132810,32880,"RSV-B",18993.598,405083,"Aire",6227217.0157227,NA
"511",664301,"16_2024_11_18",2024-11-18,136090,32880,"RSV-A",14777.664,405083,"Aire",4964642.53933145,2367119.34998136
"512",664301,"16_2024_11_18",2024-11-18,136090,32880,"RSV-B",4978.6226,405083,"Aire",1672597.34334445,3252934.11215479
"513",664301,"16_2024_11_23",2024-11-23,134533,32880,"RSV-A",7648.712,405083,"Aire",2540230.4502929,2540230.4502929
"514",664301,"16_2024_11_23",2024-11-23,134533,32880,"RSV-B",8925.995,405083,"Aire",2964431.697541,3578521.04462295
"515",664301,"16_2024_11_25",2024-11-25,221766,32880,"RSV-A",5837.637,405083,"Aire",3195862.09972277,3195862.09972277
"516",664301,"16_2024_11_25",2024-11-25,221766,32880,"RSV-B",15944.906,405083,"Aire",8729169.14310401,4691450.91609868
"517",664301,"16_2024_11_30",2024-11-30,140793,32880,"RSV-A",6810.5645,405083,"Aire",2367119.34998136,4068006.08415806
"518",664301,"16_2024_11_30",2024-11-30,140793,32880,"RSV-B",13498.022,405083,"Aire",4691450.91609868,4691450.91609868
"519",664301,"16_2024_12_01",2024-12-01,141427,32880,"RSV-A",11651.807,405083,"Aire",4068006.08415806,4068006.08415806
"520",664301,"16_2024_12_01",2024-12-01,141427,32880,"RSV-B",10249.797,405083,"Aire",3578521.04462295,8729169.14310401
"521",664301,"16_2024_12_08",2024-12-08,168470,32880,"RSV-A",35225.18,405083,"Aire",14649802.8172004,7896913.94266113
"522",664301,"16_2024_12_08",2024-12-08,168470,32880,"RSV-B",25450.303,405083,"Aire",10584528.4704863,10584528.4704863
"523",664301,"16_2024_12_09",2024-12-09,153585,32880,"RSV-A",46300.805,405083,"Aire",17554696.5336116,10028248.4107603
"524",664301,"16_2024_12_09",2024-12-09,153585,32880,"RSV-B",47458.684,405083,"Aire",17993700.0124419,13853774.4936223
"525",664301,"16_2024_12_14",2024-12-14,177811,32880,"RSV-A",22846.016,405083,"Aire",10028248.4107603,10028248.4107603
"526",664301,"16_2024_12_14",2024-12-14,177811,32880,"RSV-B",31561.2,405083,"Aire",13853774.4936223,13853774.4936223
"527",664301,"16_2024_12_16",2024-12-16,155511,32880,"RSV-A",20570.285,405083,"Aire",7896913.94266113,10028248.4107603
"528",664301,"16_2024_12_16",2024-12-16,155511,32880,"RSV-B",38229.086,405083,"Aire",14676111.7917711,13853774.4936223
"529",664301,"16_2024_12_19",2024-12-19,252482,32880,"RSV-A",19034.727,405083,"Aire",11864052.4100345,8971546.98684467
"530",664301,"16_2024_12_19",2024-12-19,252482,32880,"RSV-B",24246.238,405083,"Aire",15112307.0153919,13853774.4936223
"531",664301,"16_2024_12_20",2024-12-20,157444,32880,"RSV-A",18734.932,405083,"Aire",7281724.07582644,8698759.50318824
"532",664301,"16_2024_12_20",2024-12-20,157444,32880,"RSV-B",22372.695,405083,"Aire",8695616.92685203,12954874.9988768
"533",664301,"16_2024_12_28",2024-12-28,133012,32880,"RSV-A",27322.506,405083,"Aire",8971546.98684467,7896913.94266113
"534",664301,"16_2024_12_28",2024-12-28,133012,32880,"RSV-B",38367.406,405083,"Aire",12598221.6159947,12954874.9988768
"535",664301,"16_2024_12_29",2024-12-29,129785,32880,"RSV-A",27150.438,405083,"Aire",8698759.50318824,8698759.50318824
"536",664301,"16_2024_12_29",2024-12-29,129785,32880,"RSV-B",40434.562,405083,"Aire",12954874.9988768,12954874.9988768
"537",664301,"16_2025_01_01",2025-01-01,123287,32880,"RSV-A",13074.341,405083,"Aire",3979175.32670342,7390599.67129206
"538",664301,"16_2025_01_01",2025-01-01,123287,32880,"RSV-B",35513.516,405083,"Aire",10808537.6258495,12598221.6159947
"539",664301,"16_2025_01_04",2025-01-04,245658,32880,"RSV-A",12186.887,405083,"Aire",7390599.67129206,7390599.67129206
"540",664301,"16_2025_01_04",2025-01-04,245658,32880,"RSV-B",27327.424,405083,"Aire",16572406.9511483,12598221.6159947
"541",664301,"16_2025_01_09",2025-01-09,310734,32880,"RSV-A",22120.273,405083,"Aire",16968179.1395393,3979175.32670342
"542",664301,"16_2025_01_09",2025-01-09,310734,32880,"RSV-B",17684.07,405083,"Aire",13565224.4290182,10808537.6258495
"543",664301,"16_2025_01_12",2025-01-12,185529,32880,"RSV-A",0,405083,"Aire",0,3915482.17395447
"544",664301,"16_2025_01_12",2025-01-12,185529,32880,"RSV-B",10692.745,405083,"Aire",4897303.23687985,6707531.70975825
"545",664301,"16_2025_01_16",2025-01-16,164930,32880,"RSV-A",5218.806,405083,"Aire",2124842.74477082,3915482.17395447
"546",664301,"16_2025_01_16",2025-01-16,164930,32880,"RSV-B",14903.213,405083,"Aire",6067859.96966054,6649836.4697852
"547",664301,"16_2025_01_20",2025-01-20,156807,32880,"RSV-A",8588.678,405083,"Aire",3324663.91121326,3324663.91121326
"548",664301,"16_2025_01_20",2025-01-20,156807,32880,"RSV-B",17178.67,405083,"Aire",6649836.4697852,6603105.04961699
"549",664301,"16_2025_01_21",2025-01-21,153376,32880,"RSV-A",10341.222,405083,"Aire",3915482.17395447,2885627.05319651
"550",664301,"16_2025_01_21",2025-01-21,153376,32880,"RSV-B",17715.334,405083,"Aire",6707531.70975825,6067859.96966054
"551",664301,"16_2025_01_25",2025-01-25,180115,32880,"RSV-A",12571.24,405083,"Aire",5589641.85759462,2885627.05319651
"552",664301,"16_2025_01_25",2025-01-25,180115,32880,"RSV-B",8816.829,405083,"Aire",3920290.79308438,6067859.96966054
"553",664301,"16_2025_01_29",2025-01-29,227702,32880,"RSV-A",5133.545,405083,"Aire",2885627.05319651,2885627.05319651
"554",664301,"16_2025_01_29",2025-01-29,227702,32880,"RSV-B",11746.957,405083,"Aire",6603105.04961699,3920290.79308438
"555",664301,"16_2025_02_02",2025-02-02,165767,32880,"RSV-A",6047.5156,405083,"Aire",2474748.43048264,2474748.43048264
"556",664301,"16_2025_02_02",2025-02-02,165767,32880,"RSV-B",0,405083,"Aire",0,1538410.8538423
"557",664301,"16_2025_02_04",2025-02-04,163010,32880,"RSV-A",0,405083,"Aire",0,2474748.43048264
"558",664301,"16_2025_02_04",2025-02-04,163010,32880,"RSV-B",3822.9807,405083,"Aire",1538410.8538423,1538410.8538423
"559",664301,"16_2025_02_10",2025-02-10,180076,32880,"RSV-A",1738.9209,405083,"Aire",773021.627637793,2091535.57298628
"560",664301,"16_2025_02_10",2025-02-10,180076,32880,"RSV-B",3329.3093,405083,"Aire",1480014.46989086,1538410.8538423
"561",664301,"16_2025_02_12",2025-02-12,154473,32880,"RSV-A",2898.5793,405083,"Aire",1105334.56158096,1105334.56158096
"562",664301,"16_2025_02_12",2025-02-12,154473,32880,"RSV-B",1375.8472,405083,"Aire",524660.981886675,1480014.46989086
"563",664301,"16_2025_02_13",2025-02-13,205320,32880,"RSV-A",7938.0176,405083,"Aire",4023456.36235537,773021.627637793
"564",664301,"16_2025_02_13",2025-02-13,205320,32880,"RSV-B",6532.9414,405083,"Aire",3311280.72085968,1538410.8538423
"565",664301,"16_2025_02_18",2025-02-18,147584,32880,"RSV-A",5740.768,405083,"Aire",2091535.57298628,1105334.56158096
"566",664301,"16_2025_02_18",2025-02-18,147584,32880,"RSV-B",8623.158,405083,"Aire",3141677.50873771,1538929.36170711
"567",664301,"16_2025_02_20",2025-02-20,64833,32880,"RSV-A",1629.8737,405083,"Aire",260859.136503136,1105334.56158096
"568",664301,"16_2025_02_20",2025-02-20,64833,32880,"RSV-B",4889.897,405083,"Aire",782621.566940602,1538929.36170711
"569",664301,"16_2025_02_26",2025-02-26,134374,32880,"RSV-A",1591.111,405083,"Aire",527802.819456753,907289.350568649
"570",664301,"16_2025_02_26",2025-02-26,134374,32880,"RSV-B",4639.2466,405083,"Aire",1538929.36170711,1538929.36170711
"571",664301,"16_2025_03_03",2025-03-03,141222,32880,"RSV-A",3617.4646,405083,"Aire",1261138.05255022,648186.136190361
"572",664301,"16_2025_03_03",2025-03-03,141222,32880,"RSV-B",6524.375,405083,"Aire",2274559.25390599,1376476.17077192
"573",664301,"16_2025_03_06",2025-03-06,139440,32880,"RSV-A",0,405083,"Aire",0,648186.136190361
"574",664301,"16_2025_03_06",2025-03-06,139440,32880,"RSV-B",0,405083,"Aire",0,1376476.17077192
"575",664301,"16_2025_03_08",2025-03-08,131394,32880,"RSV-A",2797.1406,405083,"Aire",907289.350568649,648186.136190361
"576",664301,"16_2025_03_08",2025-03-08,131394,32880,"RSV-B",2797.1406,405083,"Aire",907289.350568649,1376476.17077192
"577",664301,"16_2025_03_14",2025-03-14,193858,32880,"RSV-A",1354.4408,405083,"Aire",648186.136190361,648186.136190361
"578",664301,"16_2025_03_14",2025-03-14,193858,32880,"RSV-B",2876.2656,405083,"Aire",1376476.17077192,1376476.17077192
"579",664301,"16_2025_03_16",2025-03-16,165334,32880,"RSV-A",9130.816,405083,"Aire",3726728.42983784,648186.136190361
"580",664301,"16_2025_03_16",2025-03-16,165334,32880,"RSV-B",4745.12,405083,"Aire",1936713.38979913,966012.38309186
"581",664301,"16_2025_03_18",2025-03-18,147716,32880,"RSV-A",1434.8634,405083,"Aire",523231.737679438,648186.136190361
"582",664301,"16_2025_03_18",2025-03-18,147716,32880,"RSV-B",2649.105,405083,"Aire",966012.38309186,966012.38309186
"583",664301,"16_2025_03_24",2025-03-24,169634,32880,"RSV-A",1389.874,405083,"Aire",582028.587020438,582028.587020438
"584",664301,"16_2025_03_24",2025-03-24,169634,32880,"RSV-B",4387.202,405083,"Aire",1837200.33688898,1376476.17077192
"585",664301,"16_2025_03_26",2025-03-26,166011,32880,"RSV-A",6086.6245,405083,"Aire",2494418.7237418,582028.587020438
"586",664301,"16_2025_03_26",2025-03-26,166011,32880,"RSV-B",1541.9604,405083,"Aire",631925.773148713,966012.38309186
"587",664301,"16_2025_03_29",2025-03-29,151598,32880,"RSV-A",0,405083,"Aire",0,523231.737679438
"588",664301,"16_2025_03_29",2025-03-29,151598,32880,"RSV-B",0,405083,"Aire",0,966012.38309186
"589",664301,"16_2025_04_03",2025-04-03,162352,32880,"RSV-A",0,405083,"Aire",0,582028.587020438
"590",664301,"16_2025_04_03",2025-04-03,162352,32880,"RSV-B",4490.8726,405083,"Aire",1799883.3531775,1780575.42137389
"591",664301,"16_2025_04_06",2025-04-06,128913,32880,"RSV-A",3901.643,405083,"Aire",1241652.95521905,0
"592",664301,"16_2025_04_06",2025-04-06,128913,32880,"RSV-B",1256.2968,405083,"Aire",399801.989662365,631925.773148713
"593",664301,"16_2025_04_11",2025-04-11,149974,32880,"RSV-A",0,405083,"Aire",0,0
"594",664301,"16_2025_04_11",2025-04-11,149974,32880,"RSV-B",5501.8013,405083,"Aire",2036933.53748787,1780575.42137389
"595",664301,"16_2025_04_14",2025-04-14,166739,32880,"RSV-A",1415.2601,405083,"Aire",582544.944650602,582544.944650602
"596",664301,"16_2025_04_14",2025-04-14,166739,32880,"RSV-B",4325.8076,405083,"Aire",1780575.42137389,1780575.42137389
"597",664301,"16_2025_04_15",2025-04-15,220391,32880,"RSV-A",0,405083,"Aire",0,582544.944650602
"598",664301,"16_2025_04_15",2025-04-15,220391,32880,"RSV-B",0,405083,"Aire",0,1555343.8581624
"599",664301,"16_2025_04_16",2025-04-16,465272,32880,"RSV-A",1482.7866,405083,"Aire",1703105.50419346,582544.944650602
"600",664301,"16_2025_04_16",2025-04-16,465272,32880,"RSV-B",1602.6692,405083,"Aire",1840800.78409215,1555343.8581624
"601",664301,"16_2025_04_23",2025-04-23,160273,32880,"RSV-A",5313.307,405083,"Aire",2102234.98100636,582544.944650602
"602",664301,"16_2025_04_23",2025-04-23,160273,32880,"RSV-B",0,405083,"Aire",0,723078.276350773
"603",664301,"16_2025_04_27",2025-04-27,136224,32880,"RSV-A",1309.8749,405083,"Aire",440493.425736454,NA
"604",664301,"16_2025_04_27",2025-04-27,136224,32880,"RSV-B",4625.054,405083,"Aire",1555343.8581624,NA
"605",664301,"16_2025_05_01",2025-05-01,139964,32880,"RSV-A",6315.217,405083,"Aire",2182029.44134412,NA
"606",664301,"16_2025_05_01",2025-05-01,139964,32880,"RSV-B",0,405083,"Aire",0,NA
"607",664301,"16_2025_05_05",2025-05-05,171705,32880,"RSV-A",0,405083,"Aire",0,NA
"608",664301,"16_2025_05_05",2025-05-05,171705,32880,"RSV-B",1705.8718,405083,"Aire",723078.276350773,NA
