Treatment Plant,Date,Virus,Normalised Viral Load (gc/person/day),7-day Median Viral Load (gc/person/day),Rt estimate,Estimate lower bound,Estimate upper bound
ARA Basel/Prorheno,2024-11-01,RSV-N,265369.06,132684.53,0.97121584,0.7757382,1.1586365
ARA Basel/Prorheno,2024-11-02,RSV-N,NA,265369.06,0.9707234,0.7767668,1.1577163
ARA Basel/Prorheno,2024-11-03,RSV-N,0,132684.53,0.9706526,0.7761375,1.158864
ARA Basel/Prorheno,2024-11-04,RSV-N,643427.56,132684.53,0.9710074,0.7727456,1.1628027
ARA Basel/Prorheno,2024-11-05,RSV-N,NA,0,0.9717935,0.77190524,1.1653037
ARA Basel/Prorheno,2024-11-06,RSV-N,0,0,0.97301894,0.7740101,1.1687473
ARA Basel/Prorheno,2024-11-07,RSV-N,NA,195807.25,0.97469425,0.7791009,1.1708567
ARA Basel/Prorheno,2024-11-08,RSV-N,NA,195807.25,0.97683144,0.77648747,1.1763783
ARA Basel/Prorheno,2024-11-09,RSV-N,0,195807.25,0.9794452,0.7787867,1.183301
ARA Basel/Prorheno,2024-11-10,RSV-N,391614.5,391614.5,0.9825519,0.77896696,1.1896472
ARA Basel/Prorheno,2024-11-11,RSV-N,997878,654743.78,0.98617,0.7802925,1.1968298
ARA Basel/Prorheno,2024-11-12,RSV-N,NA,391614.5,0.99031955,0.78477293,1.203872
ARA Basel/Prorheno,2024-11-13,RSV-N,NA,654743.78,0.9950203,0.78847116,1.2120148
ARA Basel/Prorheno,2024-11-14,RSV-N,917873.06,458936.53,1.0002912,0.78900135,1.2221107
ARA Basel/Prorheno,2024-11-15,RSV-N,0,345090.3,1.0061512,0.79384935,1.2340858
ARA Basel/Prorheno,2024-11-16,RSV-N,NA,0,1.012618,0.7983907,1.2465967
ARA Basel/Prorheno,2024-11-17,RSV-N,0,0,1.0197089,0.80493015,1.259091
ARA Basel/Prorheno,2024-11-18,RSV-N,690180.6,0,1.0274404,0.809001,1.273546
ARA Basel/Prorheno,2024-11-19,RSV-N,0,0,1.035829,0.8148989,1.2816365
ARA Basel/Prorheno,2024-11-20,RSV-N,NA,0,1.0448893,0.8220426,1.2885145
ARA Basel/Prorheno,2024-11-21,RSV-N,NA,0,1.0546353,0.8256535,1.304657
ARA Basel/Prorheno,2024-11-22,RSV-N,0,0,1.0650805,0.83157384,1.3131275
ARA Basel/Prorheno,2024-11-23,RSV-N,NA,0,1.076237,0.83887297,1.3282348
ARA Basel/Prorheno,2024-11-24,RSV-N,0,0,1.0881157,0.8432856,1.3370565
ARA Basel/Prorheno,2024-11-25,RSV-N,1070059,0,1.1007266,0.8548809,1.3523062
ARA Basel/Prorheno,2024-11-26,RSV-N,NA,0,1.1140776,0.85998046,1.375487
ARA Basel/Prorheno,2024-11-27,RSV-N,0,0,1.1281698,0.8687193,1.3936702
ARA Basel/Prorheno,2024-11-28,RSV-N,NA,0,1.1429958,0.885895,1.4122195
ARA Basel/Prorheno,2024-11-29,RSV-N,0,0,1.1585407,0.9024772,1.4333067
ARA Basel/Prorheno,2024-11-30,RSV-N,NA,0,1.1747814,0.91600937,1.4500012
ARA Basel/Prorheno,2024-12-01,RSV-N,0,0,1.191686,0.93528223,1.4721018
ARA Basel/Prorheno,2024-12-02,RSV-N,1465702.4,172466.9,1.2092152,0.95694894,1.4908527
ARA Basel/Prorheno,2024-12-03,RSV-N,NA,172466.9,1.2273203,0.9789299,1.512264
ARA Basel/Prorheno,2024-12-04,RSV-N,NA,172466.9,1.2459441,0.9986924,1.5322412
ARA Basel/Prorheno,2024-12-05,RSV-N,344933.8,172466.9,1.2650208,1.0118545,1.5488595
ARA Basel/Prorheno,2024-12-06,RSV-N,0,172466.9,1.284475,1.0258565,1.5689722
ARA Basel/Prorheno,2024-12-07,RSV-N,NA,0,1.3042225,1.0398858,1.584542
ARA Basel/Prorheno,2024-12-08,RSV-N,0,0,1.3241704,1.056311,1.6054667
ARA Basel/Prorheno,2024-12-09,RSV-N,2219572.2,0,1.3442168,1.0781407,1.6227264
ARA Basel/Prorheno,2024-12-10,RSV-N,0,149471.05,1.3642539,1.0972828,1.6470355
ARA Basel/Prorheno,2024-12-11,RSV-N,NA,149471.05,1.384176,1.1145097,1.672795
ARA Basel/Prorheno,2024-12-12,RSV-N,NA,149471.05,1.4038839,1.1314555,1.6914974
ARA Basel/Prorheno,2024-12-13,RSV-N,298942.1,149471.05,1.4232846,1.150319,1.7081435
ARA Basel/Prorheno,2024-12-14,RSV-N,NA,298942.1,1.4422903,1.1773367,1.7293675
ARA Basel/Prorheno,2024-12-15,RSV-N,0,298942.1,1.4608189,1.1972905,1.753672
ARA Basel/Prorheno,2024-12-16,RSV-N,724075.4,298942.1,1.4787947,1.2239927,1.786111
ARA Basel/Prorheno,2024-12-17,RSV-N,NA,362037.7,1.4961475,1.2441425,1.8025885
ARA Basel/Prorheno,2024-12-18,RSV-N,NA,362037.7,1.5128129,1.2649002,1.8267097
ARA Basel/Prorheno,2024-12-19,RSV-N,NA,724075.4,1.5287318,1.2833933,1.849356
ARA Basel/Prorheno,2024-12-20,RSV-N,NA,NA,1.5438515,1.301394,1.871674
ARA Basel/Prorheno,2024-12-21,RSV-N,NA,NA,1.5581245,1.3171905,1.8867275
ARA Basel/Prorheno,2024-12-22,RSV-N,NA,NA,1.5715094,1.3264507,1.905037
ARA Basel/Prorheno,2024-12-23,RSV-N,NA,NA,1.5839698,1.3350666,1.921664
ARA Basel/Prorheno,2024-12-24,RSV-N,NA,NA,1.5954747,1.34718,1.934631
ARA Basel/Prorheno,2024-12-25,RSV-N,NA,NA,1.6059904,1.3531165,1.9448452
ARA Basel/Prorheno,2024-12-26,RSV-N,NA,NA,1.6154809,1.3611147,1.9664953
ARA Basel/Prorheno,2024-12-27,RSV-N,NA,NA,1.6239066,1.3669997,1.9798193
ARA Basel/Prorheno,2024-12-28,RSV-N,NA,NA,1.6312258,1.369834,1.9890065
ARA Basel/Prorheno,2024-12-29,RSV-N,NA,534132.8,1.6373928,1.3717242,2.0000439
ARA Basel/Prorheno,2024-12-30,RSV-N,NA,534132.8,1.6423596,1.374218,2.0107086
ARA Basel/Prorheno,2024-12-31,RSV-N,NA,267066.4,1.6460751,1.3757788,2.0139306
ARA Basel/Prorheno,2025-01-01,RSV-N,534132.8,267066.4,1.6484851,1.3797512,2.0231264
ARA Basel/Prorheno,2025-01-02,RSV-N,NA,0,1.649532,1.382401,2.0444524
ARA Basel/Prorheno,2025-01-03,RSV-N,0,267066.4,1.6491559,1.3799545,2.043529
ARA Basel/Prorheno,2025-01-04,RSV-N,NA,267066.4,1.6472939,1.379417,2.040667
ARA Basel/Prorheno,2025-01-05,RSV-N,0,1191232.9,1.6438794,1.3773525,2.0320675
ARA Basel/Prorheno,2025-01-06,RSV-N,2792999.8,1191232.9,1.6388434,1.3708615,2.0223951
ARA Basel/Prorheno,2025-01-07,RSV-N,NA,2304482.5,1.632118,1.3665148,2.0096514
ARA Basel/Prorheno,2025-01-08,RSV-N,2382465.8,2304482.5,1.6236533,1.35944,1.996309
ARA Basel/Prorheno,2025-01-09,RSV-N,NA,2304482.5,1.6134216,1.3511888,1.9753833
ARA Basel/Prorheno,2025-01-10,RSV-N,2226499.2,2304482.5,1.601418,1.3455718,1.9495835
ARA Basel/Prorheno,2025-01-11,RSV-N,NA,2304482.5,1.5876596,1.3405285,1.9189802
ARA Basel/Prorheno,2025-01-12,RSV-N,1611888.8,2226499.2,1.5721858,1.3318207,1.8840908
ARA Basel/Prorheno,2025-01-13,RSV-N,13920013,2467618.2,1.5550585,1.3205955,1.846362
ARA Basel/Prorheno,2025-01-14,RSV-N,NA,4662399.35,1.5363623,1.3097527,1.8076233
ARA Basel/Prorheno,2025-01-15,RSV-N,NA,4662399.35,1.5162038,1.2988447,1.7721008
ARA Basel/Prorheno,2025-01-16,RSV-N,2708737.2,4662399.35,1.494712,1.2895492,1.730028
ARA Basel/Prorheno,2025-01-17,RSV-N,6616061.5,4662399.35,1.4720385,1.273811,1.697617
ARA Basel/Prorheno,2025-01-18,RSV-N,NA,6616061.5,1.4483578,1.2577885,1.6673093
ARA Basel/Prorheno,2025-01-19,RSV-N,2480557,6616061.5,1.4238658,1.2414345,1.634886
ARA Basel/Prorheno,2025-01-20,RSV-N,9222064,7591834.75,1.3987813,1.2238653,1.610451
ARA Basel/Prorheno,2025-01-21,RSV-N,8567608,8894836,1.3733383,1.1969345,1.587745
ARA Basel/Prorheno,2025-01-22,RSV-N,NA,8894836,1.3477576,1.1678345,1.5613436
ARA Basel/Prorheno,2025-01-23,RSV-N,NA,8894836,1.322241,1.1453588,1.5361438
ARA Basel/Prorheno,2025-01-24,RSV-N,23936678,5815737.75,1.2969694,1.1183047,1.514292
ARA Basel/Prorheno,2025-01-25,RSV-N,NA,3063867.5,1.272105,1.087433,1.489709
ARA Basel/Prorheno,2025-01-26,RSV-N,2855943,2959905.25,1.2477889,1.0554472,1.4651235
ARA Basel/Prorheno,2025-01-27,RSV-N,3063867.5,2959905.25,1.2241429,1.0270177,1.4385767
ARA Basel/Prorheno,2025-01-28,RSV-N,NA,2959905.25,1.2012688,0.9942749,1.4146672
ARA Basel/Prorheno,2025-01-29,RSV-N,1751001.9,2959905.25,1.179248,0.96561027,1.3883892
ARA Basel/Prorheno,2025-01-30,RSV-N,NA,4465572,1.1581432,0.9428466,1.360994
ARA Basel/Prorheno,2025-01-31,RSV-N,6011278.5,5939277.5,1.1379976,0.92428446,1.3340555
ARA Basel/Prorheno,2025-02-01,RSV-N,NA,5939277.5,1.1188353,0.90570754,1.3085095
ARA Basel/Prorheno,2025-02-02,RSV-N,5867276.5,6011278.5,1.1006615,0.89019626,1.2842022
ARA Basel/Prorheno,2025-02-03,RSV-N,10509869,5940859.5,1.0834625,0.87780446,1.2640805
ARA Basel/Prorheno,2025-02-04,RSV-N,NA,5899002,1.067209,0.8674738,1.2459103
ARA Basel/Prorheno,2025-02-05,RSV-N,NA,5899002,1.0518678,0.85856056,1.2272718
ARA Basel/Prorheno,2025-02-06,RSV-N,5870440.5,7402076.25,1.0374037,0.8522864,1.2116072
ARA Basel/Prorheno,2025-02-07,RSV-N,5927563.5,7402076.25,1.0237813,0.84571785,1.190919
ARA Basel/Prorheno,2025-02-08,RSV-N,NA,5927563.5,1.0109631,0.84333086,1.1732522
ARA Basel/Prorheno,2025-02-09,RSV-N,8876589,5927563.5,0.9989104,0.83658075,1.157402
ARA Basel/Prorheno,2025-02-10,RSV-N,8957182,7402076.25,0.98758346,0.8288794,1.1435605
ARA Basel/Prorheno,2025-02-11,RSV-N,4170410.5,7811569,0.9769417,0.82373625,1.129731
ARA Basel/Prorheno,2025-02-12,RSV-N,NA,7811569,0.9669429,0.8205846,1.114753
ARA Basel/Prorheno,2025-02-13,RSV-N,NA,5628978.75,0.95754474,0.8165415,1.1019107
ARA Basel/Prorheno,2025-02-14,RSV-N,6746549,5628978.75,0.9487036,0.8096505,1.0871295
ARA Basel/Prorheno,2025-02-15,RSV-N,NA,6746549,0.9403754,0.8069723,1.074656
ARA Basel/Prorheno,2025-02-16,RSV-N,4511408.5,5628978.75,0.9325153,0.79911274,1.0677452
ARA Basel/Prorheno,2025-02-17,RSV-N,10717537,5628978.75,0.92507774,0.7929416,1.0548155
ARA Basel/Prorheno,2025-02-18,RSV-N,NA,5808886.25,0.9180164,0.79116875,1.0465405
ARA Basel/Prorheno,2025-02-19,RSV-N,4280173,5808886.25,0.911286,0.7889784,1.039543
ARA Basel/Prorheno,2025-02-20,RSV-N,NA,5693268.5,0.90484256,0.78559536,1.0324535
ARA Basel/Prorheno,2025-02-21,RSV-N,7106364,5693268.5,0.8986429,0.7808265,1.0251882
ARA Basel/Prorheno,2025-02-22,RSV-N,NA,5693268.5,0.89264536,0.7749181,1.0168377
ARA Basel/Prorheno,2025-02-23,RSV-N,2474055,7106364,0.88680947,0.7684326,1.0115103
ARA Basel/Prorheno,2025-02-24,RSV-N,10000596,6717738.75,0.8810961,0.7612029,1.0032507
ARA Basel/Prorheno,2025-02-25,RSV-N,NA,5995279.5,0.8754674,0.7569016,0.996086
ARA Basel/Prorheno,2025-02-26,RSV-N,NA,5995279.5,0.8698872,0.75108594,0.9895691
ARA Basel/Prorheno,2025-02-27,RSV-N,6329113.5,5995279.5,0.8643206,0.74632066,0.9827775
ARA Basel/Prorheno,2025-02-28,RSV-N,5661445.5,5995279.5,0.85873413,0.7428504,0.9775915
ARA Basel/Prorheno,2025-03-01,RSV-N,NA,5661445.5,0.8530961,0.739152,0.9731928
ARA Basel/Prorheno,2025-03-02,RSV-N,4358724.5,5661445.5,0.847376,0.7325008,0.96903175
ARA Basel/Prorheno,2025-03-03,RSV-N,9863506,5010085,0.8415447,0.72987854,0.96264225
ARA Basel/Prorheno,2025-03-04,RSV-N,3015271.2,3686997.85,0.8355752,0.7267659,0.95610267
ARA Basel/Prorheno,2025-03-05,RSV-N,NA,3686997.85,0.8294464,0.72199446,0.9502191
ARA Basel/Prorheno,2025-03-06,RSV-N,NA,3180648.6,0.82314384,0.7178294,0.9442257
ARA Basel/Prorheno,2025-03-07,RSV-N,1789742.6,3180648.6,0.81665975,0.71225697,0.9378651
ARA Basel/Prorheno,2025-03-08,RSV-N,NA,3346026,0.8099933,0.7055773,0.9310424
ARA Basel/Prorheno,2025-03-09,RSV-N,3346026,2567884.3,0.8031504,0.69936067,0.9188372
ARA Basel/Prorheno,2025-03-10,RSV-N,6380339.5,2567884.3,0.79614395,0.6916067,0.9071748
ARA Basel/Prorheno,2025-03-11,RSV-N,NA,3444370,0.78899366,0.6854403,0.89892817
ARA Basel/Prorheno,2025-03-12,RSV-N,1324365.8,3444370,0.7817261,0.67694765,0.88975704
ARA Basel/Prorheno,2025-03-13,RSV-N,NA,3085164.25,0.77437484,0.6691213,0.8807029
ARA Basel/Prorheno,2025-03-14,RSV-N,3542714,3085164.25,0.76698,0.66181123,0.87231874
ARA Basel/Prorheno,2025-03-15,RSV-N,NA,3085164.25,0.75958806,0.65577555,0.8651858
ARA Basel/Prorheno,2025-03-16,RSV-N,2627614.5,3542714,0.75225204,0.64908844,0.8596835
ARA Basel/Prorheno,2025-03-17,RSV-N,7865277.5,4781239,0.74503076,0.6405896,0.8521497
ARA Basel/Prorheno,2025-03-18,RSV-N,NA,4748960.5,0.73798686,0.6339548,0.84550196
ARA Basel/Prorheno,2025-03-19,RSV-N,NA,4748960.5,0.73117954,0.62594616,0.8404717
ARA Basel/Prorheno,2025-03-20,RSV-N,6019764,5594474,0.7246629,0.6159634,0.8311954
ARA Basel/Prorheno,2025-03-21,RSV-N,3478157,5594474,0.71848595,0.6043096,0.8263556
ARA Basel/Prorheno,2025-03-22,RSV-N,NA,5169184,0.7126929,0.59290653,0.82090634
ARA Basel/Prorheno,2025-03-23,RSV-N,5169184,5169184,0.7073237,0.5844297,0.8159674
ARA Basel/Prorheno,2025-03-24,RSV-N,6619284.5,4617273.1,0.70241374,0.5789542,0.8116758
ARA Basel/Prorheno,2025-03-25,RSV-N,4065362.2,4617273.1,0.6979948,0.571909,0.80819887
ARA Basel/Prorheno,2025-03-26,RSV-N,NA,4617273.1,0.69409484,0.56739056,0.8061773
ARA Basel/Prorheno,2025-03-27,RSV-N,NA,2508938.8,0.6907381,0.5622025,0.8035022
ARA Basel/Prorheno,2025-03-28,RSV-N,952515.4,855578.05,0.6879453,0.55890846,0.8035686
ARA Basel/Prorheno,2025-03-29,RSV-N,NA,758640.7,0.68573344,0.5545434,0.8034809
ARA Basel/Prorheno,2025-03-30,RSV-N,0,758640.7,0.6841156,0.55295247,0.8016337
ARA Basel/Prorheno,2025-03-31,RSV-N,758640.7,758640.7,0.6831009,0.5512174,0.8001896
ARA Basel/Prorheno,2025-04-01,RSV-N,NA,758640.7,0.682694,0.55123675,0.8013331
ARA Basel/Prorheno,2025-04-02,RSV-N,NA,758640.7,0.6828951,0.55048823,0.8040913
ARA Basel/Prorheno,2025-04-03,RSV-N,NA,1359045,0.6837,0.54944056,0.80732346
ARA Basel/Prorheno,2025-04-04,RSV-N,1374399.2,1374399.2,0.6851004,0.54977804,0.8085089
ARA Basel/Prorheno,2025-04-05,RSV-N,NA,1374399.2,0.68708366,0.5517925,0.8133861
ARA Basel/Prorheno,2025-04-06,RSV-N,1359045,1374399.2,0.6896334,0.55329174,0.81684273
ARA Basel/Prorheno,2025-04-07,RSV-N,3976159.2,1366722.1,0.6927296,0.55339587,0.82118154
ARA Basel/Prorheno,2025-04-08,RSV-N,NA,1138915.1,0.6963479,0.55916417,0.82444906
ARA Basel/Prorheno,2025-04-09,RSV-N,NA,1138915.1,0.7004602,0.563194,0.8301248
ARA Basel/Prorheno,2025-04-10,RSV-N,918785.2,940163.7,0.70503396,0.5667384,0.8356414
ARA Basel/Prorheno,2025-04-11,RSV-N,432855.12,940163.7,0.7100322,0.5711226,0.8401394
ARA Basel/Prorheno,2025-04-12,RSV-N,NA,918785.2,0.7154133,0.5786068,0.84680426
ARA Basel/Prorheno,2025-04-13,RSV-N,961542.2,918785.2,0.7211303,0.5847263,0.8547701
ARA Basel/Prorheno,2025-04-14,RSV-N,2263272,871196.1,0.72713125,0.5888555,0.86570305
ARA Basel/Prorheno,2025-04-15,RSV-N,780850,871196.1,0.73335963,0.5968663,0.87446564
ARA Basel/Prorheno,2025-04-16,RSV-N,NA,871196.1,0.7397576,0.6047768,0.88341403
ARA Basel/Prorheno,2025-04-17,RSV-N,NA,505085.2,0.746267,0.61211437,0.89801025
ARA Basel/Prorheno,2025-04-18,RSV-N,0,493667.65,0.75282985,0.62090856,0.91027325
ARA Basel/Prorheno,2025-04-19,RSV-N,NA,229320.4,0.759388,0.6323423,0.92447346
ARA Basel/Prorheno,2025-04-20,RSV-N,229320.4,229320.4,0.7658838,0.6408554,0.94143945
ARA Basel/Prorheno,2025-04-21,RSV-N,758014.9,229320.4,0.7722596,0.64657456,0.9525797
ARA Basel/Prorheno,2025-04-22,RSV-N,NA,493667.65,0.7784582,0.65248275,0.95857596
ARA Basel/Prorheno,2025-04-23,RSV-N,NA,493667.65,0.7844224,0.6603958,0.96896666
ARA Basel/Prorheno,2025-04-24,RSV-N,NA,758014.9,0.79009515,0.6652431,0.9757436
ARA Basel/Prorheno,2025-04-25,RSV-N,NA,NA,0.79541934,0.6677545,0.9819681
ARA Basel/Prorheno,2025-04-26,RSV-N,NA,NA,0.8003379,0.67339104,0.98785454
ARA Basel/Prorheno,2025-04-27,RSV-N,NA,NA,0.8047935,0.6777636,0.9929152
ARA Basel/Prorheno,2025-04-28,RSV-N,NA,0,0.80872864,0.6787629,0.9971163
ARA Basel/Prorheno,2025-04-29,RSV-N,NA,113911.49,0.81208736,0.68054134,1.000742
ARA Basel/Prorheno,2025-04-30,RSV-N,NA,113911.49,0.81482136,0.6790727,1.0046637
ARA Basel/Prorheno,2025-05-01,RSV-N,0,227822.98,0.8168922,0.67942435,1.0059903
ARA Chur,2024-11-01,RSV-N,248549.23,0,1.2954295,1.0191455,1.6113553
ARA Chur,2024-11-02,RSV-N,0,0,1.3100793,1.0348192,1.628417
ARA Chur,2024-11-03,RSV-N,0,0,1.3244834,1.0493172,1.6423287
ARA Chur,2024-11-04,RSV-N,NA,0,1.3386174,1.0635272,1.6582162
ARA Chur,2024-11-05,RSV-N,0,0,1.3524563,1.0832553,1.663803
ARA Chur,2024-11-06,RSV-N,NA,134091.25,1.3659751,1.1040018,1.6674175
ARA Chur,2024-11-07,RSV-N,NA,277390.625,1.3791492,1.1226867,1.6729195
ARA Chur,2024-11-08,RSV-N,315755.5,277390.625,1.3919525,1.136854,1.687818
ARA Chur,2024-11-09,RSV-N,268182.5,286598.75,1.4043598,1.1515465,1.6973525
ARA Chur,2024-11-10,RSV-N,286598.75,301177.125,1.4163446,1.160443,1.7013172
ARA Chur,2024-11-11,RSV-N,NA,301177.125,1.4278818,1.173455,1.7091005
ARA Chur,2024-11-12,RSV-N,NA,280015.705,1.4389477,1.1810002,1.7234417
ARA Chur,2024-11-13,RSV-N,550972.25,418785.5,1.4495218,1.1913455,1.73245
ARA Chur,2024-11-14,RSV-N,NA,412202.455,1.4595864,1.2026577,1.740747
ARA Chur,2024-11-15,RSV-N,273432.66,412202.455,1.4691267,1.2126262,1.7509385
ARA Chur,2024-11-16,RSV-N,2302538.5,412202.455,1.4781309,1.2237912,1.760465
ARA Chur,2024-11-17,RSV-N,0,273432.66,1.4865904,1.2329144,1.7798398
ARA Chur,2024-11-18,RSV-N,NA,298382.73,1.494499,1.2465563,1.7822335
ARA Chur,2024-11-19,RSV-N,NA,345226.05,1.5018536,1.2534385,1.7947094
ARA Chur,2024-11-20,RSV-N,NA,161666.4,1.5086541,1.256249,1.8043945
ARA Chur,2024-11-21,RSV-N,323332.8,345226.05,1.5149034,1.2629422,1.8086758
ARA Chur,2024-11-22,RSV-N,367119.3,367119.3,1.520607,1.273992,1.8116213
ARA Chur,2024-11-23,RSV-N,0,367119.3,1.5257735,1.2811095,1.8152218
ARA Chur,2024-11-24,RSV-N,3938208.8,367119.3,1.5304145,1.288709,1.8242277
ARA Chur,2024-11-25,RSV-N,945347.9,656233.6,1.5345429,1.2972822,1.8243318
ARA Chur,2024-11-26,RSV-N,NA,472673.95,1.538173,1.3006188,1.8237462
ARA Chur,2024-11-27,RSV-N,NA,834075.98,1.5413165,1.3036952,1.8255485
ARA Chur,2024-11-28,RSV-N,NA,686003.25,1.5439851,1.3125583,1.829112
ARA Chur,2024-11-29,RSV-N,0,649202.44,1.5461894,1.3153315,1.8247173
ARA Chur,2024-11-30,RSV-N,722804.06,686003.25,1.5479392,1.3204195,1.8266288
ARA Chur,2024-12-01,RSV-N,649202.44,686003.25,1.5492431,1.3259822,1.828406
ARA Chur,2024-12-02,RSV-N,NA,686003.25,1.5501091,1.3304483,1.8237662
ARA Chur,2024-12-03,RSV-N,912390,817597.03,1.550544,1.328961,1.819921
ARA Chur,2024-12-04,RSV-N,NA,1337861.8,1.5505544,1.3298635,1.814485
ARA Chur,2024-12-05,RSV-N,NA,1946396.55,1.550145,1.3344167,1.812847
ARA Chur,2024-12-06,RSV-N,3394996.2,1946396.55,1.5493205,1.3329835,1.815987
ARA Chur,2024-12-07,RSV-N,1763333.6,2129459.5,1.548084,1.337193,1.8091205
ARA Chur,2024-12-08,RSV-N,2129459.5,1946396.55,1.5464383,1.337191,1.8065642
ARA Chur,2024-12-09,RSV-N,NA,1946396.55,1.5443847,1.335834,1.799439
ARA Chur,2024-12-10,RSV-N,NA,1915904.2,1.5419246,1.331193,1.7934263
ARA Chur,2024-12-11,RSV-N,1302394.6,1685434.7,1.5390594,1.334366,1.7854203
ARA Chur,2024-12-12,RSV-N,NA,1685434.7,1.535789,1.3366805,1.7741055
ARA Chur,2024-12-13,RSV-N,2068474.8,1685434.7,1.5321145,1.3359423,1.7647723
ARA Chur,2024-12-14,RSV-N,642170.06,1685434.7,1.5280355,1.3362082,1.7594517
ARA Chur,2024-12-15,RSV-N,2297743,2068474.8,1.5235522,1.333043,1.7497673
ARA Chur,2024-12-16,RSV-N,NA,1677085.4,1.518664,1.32994,1.7440008
ARA Chur,2024-12-17,RSV-N,NA,1791719.5,1.51337,1.3262095,1.7312902
ARA Chur,2024-12-18,RSV-N,NA,1791719.5,1.5076694,1.3261782,1.7183683
ARA Chur,2024-12-19,RSV-N,1285696,2251815,1.501561,1.320306,1.7099873
ARA Chur,2024-12-20,RSV-N,3375748.2,2372759.5,1.4950434,1.3098887,1.702062
ARA Chur,2024-12-21,RSV-N,624215.9,2372759.5,1.4881145,1.3008982,1.695139
ARA Chur,2024-12-22,RSV-N,3217934,2372759.5,1.4807724,1.2934695,1.6857193
ARA Chur,2024-12-23,RSV-N,2372759.5,2795346.75,1.4730147,1.2860607,1.6836783
ARA Chur,2024-12-24,RSV-N,NA,2795346.75,1.4648383,1.2815098,1.6666847
ARA Chur,2024-12-25,RSV-N,NA,5569830.5,1.45624,1.274195,1.6601832
ARA Chur,2024-12-26,RSV-N,NA,7401494.75,1.447216,1.2675238,1.6487658
ARA Chur,2024-12-27,RSV-N,15226548,7921727,1.4377617,1.2579677,1.6356262
ARA Chur,2024-12-28,RSV-N,7921727,7921727,1.4278722,1.2492667,1.6211115
ARA Chur,2024-12-29,RSV-N,6881262.5,7401494.75,1.4175426,1.2376965,1.6078835
ARA Chur,2024-12-30,RSV-N,NA,7401494.75,1.4067667,1.2251062,1.5956982
ARA Chur,2024-12-31,RSV-N,NA,6801277.25,1.3955384,1.214498,1.5834103
ARA Chur,2025-01-01,RSV-N,6721292,5937419.75,1.3838512,1.2058204,1.5754528
ARA Chur,2025-01-02,RSV-N,NA,5570727.5,1.371698,1.1961588,1.5585008
ARA Chur,2025-01-03,RSV-N,5153547.5,5570727.5,1.3590715,1.1852175,1.547422
ARA Chur,2025-01-04,RSV-N,3793163.8,5570727.5,1.3459632,1.1738638,1.538905
ARA Chur,2025-01-05,RSV-N,5987907.5,5153547.5,1.3323655,1.1620657,1.530339
ARA Chur,2025-01-06,RSV-N,NA,5570727.5,1.3182704,1.1481582,1.518132
ARA Chur,2025-01-07,RSV-N,NA,5485540,1.3036782,1.1356268,1.500807
ARA Chur,2025-01-08,RSV-N,NA,5574120.5,1.2885977,1.122794,1.4841312
ARA Chur,2025-01-09,RSV-N,6796214.5,5944406,1.2730466,1.106693,1.466802
ARA Chur,2025-01-10,RSV-N,4983172.5,5160333.5,1.2570516,1.0879238,1.44786
ARA Chur,2025-01-11,RSV-N,5160333.5,5160333.5,1.2406485,1.0676205,1.4298518
ARA Chur,2025-01-12,RSV-N,6728478.5,5160333.5,1.2238815,1.049219,1.4097486
ARA Chur,2025-01-13,RSV-N,3474579.8,5071753,1.2068045,1.033999,1.387602
ARA Chur,2025-01-14,RSV-N,NA,5944406,1.18948,1.0201968,1.3592045
ARA Chur,2025-01-15,RSV-N,NA,8297292.25,1.1719792,1.0064275,1.3346086
ARA Chur,2025-01-16,RSV-N,NA,10439416,1.1543831,0.9936641,1.3128645
ARA Chur,2025-01-17,RSV-N,11012726,11012726,1.1367811,0.9810377,1.285646
ARA Chur,2025-01-18,RSV-N,9866106,10439416,1.1192715,0.96800643,1.2654645
ARA Chur,2025-01-19,RSV-N,12362598,10439416,1.1019616,0.95445555,1.244861
ARA Chur,2025-01-20,RSV-N,NA,10439416,1.0849636,0.94262004,1.2253512
ARA Chur,2025-01-21,RSV-N,9273398,11114352,1.0683808,0.93299216,1.2093393
ARA Chur,2025-01-22,RSV-N,NA,12610908.5,1.0523041,0.91905135,1.1901227
ARA Chur,2025-01-23,RSV-N,NA,14332076,1.0368133,0.9080276,1.176496
ARA Chur,2025-01-24,RSV-N,12859219,14332076,1.0219744,0.89171964,1.1650268
ARA Chur,2025-01-25,RSV-N,15804933,15804933,1.0078424,0.879181,1.1523652
ARA Chur,2025-01-26,RSV-N,16671832,14332076,0.9944606,0.8642091,1.1392328
ARA Chur,2025-01-27,RSV-N,NA,14332076,0.98185945,0.84893525,1.124884
ARA Chur,2025-01-28,RSV-N,NA,14534411,0.9700588,0.8361317,1.107848
ARA Chur,2025-01-29,RSV-N,3999729.8,9387953,0.95906687,0.8263819,1.094791
ARA Chur,2025-01-30,RSV-N,NA,5130423,0.9488809,0.8184184,1.083207
ARA Chur,2025-01-31,RSV-N,13263889,5130423,0.93948656,0.8095227,1.0719903
ARA Chur,2025-02-01,RSV-N,5512017,5130423,0.93085885,0.8034684,1.0605392
ARA Chur,2025-02-02,RSV-N,4748829,5512017,0.9229615,0.7979732,1.050542
ARA Chur,2025-02-03,RSV-N,NA,5798296,0.91574985,0.7924621,1.0395285
ARA Chur,2025-02-04,RSV-N,NA,5798296,0.90918106,0.7883307,1.030754
ARA Chur,2025-02-05,RSV-N,NA,7384015.5,0.9032169,0.7841409,1.024504
ARA Chur,2025-02-06,RSV-N,6084575,7558111.75,0.8978238,0.78203005,1.0196465
ARA Chur,2025-02-07,RSV-N,8683456,6432767.5,0.8929727,0.77978945,1.0115025
ARA Chur,2025-02-08,RSV-N,9169154,6432767.5,0.8886394,0.77786124,1.0030828
ARA Chur,2025-02-09,RSV-N,6432767.5,6432767.5,0.88480425,0.7740471,0.9983573
ARA Chur,2025-02-10,RSV-N,5180079,7558111.75,0.8814523,0.7707809,0.9930068
ARA Chur,2025-02-11,RSV-N,NA,7800960.75,0.87857366,0.76553327,0.987602
ARA Chur,2025-02-12,RSV-N,NA,7240934,0.8761629,0.7609948,0.9850012
ARA Chur,2025-02-13,RSV-N,NA,7622326,0.87421954,0.76000583,0.9831933
ARA Chur,2025-02-14,RSV-N,14977211,8049100.5,0.87274766,0.7563091,0.982151
ARA Chur,2025-02-15,RSV-N,8049100.5,7622326,0.87175596,0.7555953,0.98153985
ARA Chur,2025-02-16,RSV-N,7195551.5,7622326,0.87125766,0.75293314,0.98224163
ARA Chur,2025-02-17,RSV-N,NA,7622326,0.8712685,0.7512834,0.98394215
ARA Chur,2025-02-18,RSV-N,6672694.5,7550797.75,0.87179947,0.7505777,0.9834052
ARA Chur,2025-02-19,RSV-N,NA,7550797.75,0.8728546,0.7534686,0.9842901
ARA Chur,2025-02-20,RSV-N,NA,8042359.5,0.87443167,0.75308925,0.98712003
ARA Chur,2025-02-21,RSV-N,7906044,8042359.5,0.8765219,0.7562998,0.9895667
ARA Chur,2025-02-22,RSV-N,9994385,8178675,0.8791102,0.7585714,0.99315506
ARA Chur,2025-02-23,RSV-N,8178675,8042359.5,0.8821751,0.7593767,0.9984245
ARA Chur,2025-02-24,RSV-N,NA,8042359.5,0.8856888,0.76308984,1.000829
ARA Chur,2025-02-25,RSV-N,NA,8038964.75,0.8896171,0.7700388,1.0050215
ARA Chur,2025-02-26,RSV-N,4652031,6548531,0.8939193,0.7740073,1.0126717
ARA Chur,2025-02-27,RSV-N,NA,5749825.5,0.898548,0.7794596,1.0193702
ARA Chur,2025-02-28,RSV-N,7899254.5,5749825.5,0.90344906,0.785581,1.0228312
ARA Chur,2025-03-01,RSV-N,5197807.5,5749825.5,0.9085613,0.7933695,1.029113
ARA Chur,2025-03-02,RSV-N,6301843.5,6301843.5,0.9138167,0.79972196,1.0326302
ARA Chur,2025-03-03,RSV-N,NA,5884433,0.9191414,0.8059871,1.038997
ARA Chur,2025-03-04,RSV-N,NA,5332415,0.9244621,0.8082105,1.0444945
ARA Chur,2025-03-05,RSV-N,NA,4021577,0.929707,0.8118985,1.051696
ARA Chur,2025-03-06,RSV-N,5467022.5,2173525.35,0.93480676,0.81996834,1.0614243
ARA Chur,2025-03-07,RSV-N,2576131.5,1770919.2,0.939694,0.82410187,1.0712928
ARA Chur,2025-03-08,RSV-N,1447902.2,1770919.2,0.94430315,0.82692206,1.0789495
ARA Chur,2025-03-09,RSV-N,1770919.2,1770919.2,0.94857156,0.832741,1.0832348
ARA Chur,2025-03-10,RSV-N,910288.44,1609410.7,0.9524383,0.8360824,1.087335
ARA Chur,2025-03-11,RSV-N,NA,1609410.7,0.9558449,0.83911055,1.0928042
ARA Chur,2025-03-12,RSV-N,NA,2205817.35,0.95873505,0.84178,1.0943565
ARA Chur,2025-03-13,RSV-N,NA,4395878.25,0.9610549,0.8423488,1.0978682
ARA Chur,2025-03-14,RSV-N,11934151,6151041,0.96275264,0.8421898,1.1002275
ARA Chur,2025-03-15,RSV-N,2640715.5,4940176.75,0.9637788,0.8427852,1.1012897
ARA Chur,2025-03-16,RSV-N,6151041,4940176.75,0.9640859,0.8429899,1.104597
ARA Chur,2025-03-17,RSV-N,NA,4940176.75,0.9636294,0.8437463,1.1079175
ARA Chur,2025-03-18,RSV-N,3729312.5,4940176.75,0.9623698,0.84225345,1.1037732
ARA Chur,2025-03-19,RSV-N,NA,7365636,0.96027356,0.83917266,1.106986
ARA Chur,2025-03-20,RSV-N,NA,7935341,0.9573129,0.8337047,1.1058908
ARA Chur,2025-03-21,RSV-N,8838476,7935341,0.95346594,0.82683927,1.1018043
ARA Chur,2025-03-22,RSV-N,8580231,8580231,0.94871694,0.8249538,1.0980327
ARA Chur,2025-03-23,RSV-N,7290451,7935341,0.94305605,0.8181346,1.091843
ARA Chur,2025-03-24,RSV-N,NA,7935341,0.93647975,0.81110394,1.0843958
ARA Chur,2025-03-25,RSV-N,NA,7059550.75,0.9289905,0.8020277,1.078444
ARA Chur,2025-03-26,RSV-N,5735801.5,6282226,0.9205969,0.79402924,1.0655192
ARA Chur,2025-03-27,RSV-N,NA,4555949.5,0.91131365,0.7849081,1.0583882
ARA Chur,2025-03-28,RSV-N,6828650.5,4555949.5,0.90116155,0.7734921,1.047112
ARA Chur,2025-03-29,RSV-N,1743624.2,4555949.5,0.8901673,0.7618794,1.0367525
ARA Chur,2025-03-30,RSV-N,3376097.5,3376097.5,0.87836325,0.7467386,1.027761
ARA Chur,2025-03-31,RSV-N,NA,4061405.5,0.8657879,0.7326979,1.0169045
ARA Chur,2025-04-01,RSV-N,NA,4061405.5,0.85248667,0.71602565,1.0047498
ARA Chur,2025-04-02,RSV-N,NA,4625155.75,0.83851266,0.69923055,0.9915525
ARA Chur,2025-04-03,RSV-N,4746713.5,4625155.75,0.8239262,0.6839154,0.9767663
ARA Chur,2025-04-04,RSV-N,5133763,4503598,0.8087953,0.66666967,0.95788366
ARA Chur,2025-04-05,RSV-N,4503598,4503598,0.7931956,0.64899915,0.9399563
ARA Chur,2025-04-06,RSV-N,3120830,4503598,0.7772103,0.63279873,0.9222419
ARA Chur,2025-04-07,RSV-N,2645321.8,3812214,0.7609305,0.61488515,0.9020335
ARA Chur,2025-04-08,RSV-N,NA,3812214,0.74445486,0.59851843,0.8831445
ARA Chur,2025-04-09,RSV-N,NA,3006227.4,0.7278899,0.5845246,0.863031
ARA Chur,2025-04-10,RSV-N,NA,3073952,0.7113493,0.571605,0.8482971
ARA Chur,2025-04-11,RSV-N,6384074,3256279.2,0.69495356,0.5600605,0.83355147
ARA Chur,2025-04-12,RSV-N,2891624.8,3073952,0.6788293,0.54750717,0.8179446
ARA Chur,2025-04-13,RSV-N,3256279.2,3073952,0.66310775,0.53327245,0.8003197
ARA Chur,2025-04-14,RSV-N,NA,3073952,0.6479207,0.5156254,0.78728545
ARA Chur,2025-04-15,RSV-N,1161073.4,2575897.9,0.6333871,0.50004524,0.77707875
ARA Chur,2025-04-16,RSV-N,NA,2758225.1,0.6196094,0.4866243,0.7669684
ARA Chur,2025-04-17,RSV-N,NA,3307848.75,0.60667443,0.46692947,0.7551011
ARA Chur,2025-04-18,RSV-N,2260171,3307848.75,0.5946537,0.4507848,0.74495137
ARA Chur,2025-04-19,RSV-N,4912383,4355526.5,0.583605,0.43495226,0.7351578
ARA Chur,2025-04-20,RSV-N,4355526.5,3307848.75,0.5735728,0.41937765,0.7254262
ARA Chur,2025-04-21,RSV-N,NA,3307848.75,0.5645906,0.4062291,0.7175375
ARA Chur,2025-04-22,RSV-N,NA,4355526.5,0.55668116,0.39573506,0.70890296
ARA Chur,2025-04-23,RSV-N,916625.9,1230137.5,0.5498581,0.38808274,0.7016834
ARA Chur,2025-04-24,RSV-N,NA,1073381.7,0.54412633,0.38286543,0.69813013
ARA Chur,2025-04-25,RSV-N,NA,1073381.7,0.5394823,0.38111135,0.6952392
ARA Chur,2025-04-26,RSV-N,1230137.5,1073381.7,0.5359137,0.3777433,0.6924302
ARA Chur,2025-04-27,RSV-N,NA,1230137.5,0.53339934,0.37207237,0.6894094
ARA Chur,2025-04-28,RSV-N,NA,1230137.5,0.53190976,0.3682427,0.6898233
ARA Chur,2025-04-29,RSV-N,NA,1230137.5,0.5314118,0.36793122,0.6901488
ARA Chur,2025-04-30,RSV-N,NA,NA,0.53187037,0.36792225,0.6933174
ARA Chur,2025-05-01,RSV-N,NA,NA,0.53324854,0.3687373,0.69832265
ARA Sensetal,2024-11-01,RSV-N,0,0,1.186,0.93053865,1.4906365
ARA Sensetal,2024-11-02,RSV-N,0,252125.125,1.1989374,0.9418058,1.509197
ARA Sensetal,2024-11-03,RSV-N,694725.5,252125.125,1.2117058,0.95563823,1.5226332
ARA Sensetal,2024-11-04,RSV-N,NA,252125.125,1.2242862,0.9698592,1.5323023
ARA Sensetal,2024-11-05,RSV-N,504250.25,599487.875,1.2366624,0.9835994,1.5469773
ARA Sensetal,2024-11-06,RSV-N,NA,599487.875,1.2488195,0.9946199,1.5586352
ARA Sensetal,2024-11-07,RSV-N,NA,462454.925,1.2607445,1.003159,1.5667547
ARA Sensetal,2024-11-08,RSV-N,809200.44,462454.925,1.2724271,1.010668,1.5757935
ARA Sensetal,2024-11-09,RSV-N,420659.6,420659.6,1.2838583,1.019314,1.5826387
ARA Sensetal,2024-11-10,RSV-N,400928.06,410793.83,1.2950307,1.030632,1.594231
ARA Sensetal,2024-11-11,RSV-N,NA,410793.83,1.3059393,1.0392983,1.6049834
ARA Sensetal,2024-11-12,RSV-N,NA,378661.53,1.3165766,1.0488412,1.613475
ARA Sensetal,2024-11-13,RSV-N,0,178197.5,1.3269336,1.0602152,1.6207845
ARA Sensetal,2024-11-14,RSV-N,NA,178197.5,1.3369998,1.0718683,1.633746
ARA Sensetal,2024-11-15,RSV-N,356395,178197.5,1.3467627,1.0789453,1.637634
ARA Sensetal,2024-11-16,RSV-N,0,178197.5,1.3562077,1.0915097,1.6457647
ARA Sensetal,2024-11-17,RSV-N,738455.2,356395,1.3653191,1.1058137,1.6526983
ARA Sensetal,2024-11-18,RSV-N,NA,178197.5,1.3740789,1.1179165,1.6605637
ARA Sensetal,2024-11-19,RSV-N,NA,0,1.382467,1.1274097,1.6662507
ARA Sensetal,2024-11-20,RSV-N,NA,0,1.390462,1.1387035,1.6687255
ARA Sensetal,2024-11-21,RSV-N,0,0,1.3980402,1.152862,1.6712755
ARA Sensetal,2024-11-22,RSV-N,0,0,1.4051762,1.1608453,1.6819425
ARA Sensetal,2024-11-23,RSV-N,0,0,1.4118426,1.1722558,1.6850833
ARA Sensetal,2024-11-24,RSV-N,0,0,1.4180101,1.1806153,1.6912233
ARA Sensetal,2024-11-25,RSV-N,0,0,1.423648,1.1850915,1.6985846
ARA Sensetal,2024-11-26,RSV-N,NA,0,1.4287268,1.1895287,1.7016448
ARA Sensetal,2024-11-27,RSV-N,NA,247820.42,1.433218,1.1942575,1.7079523
ARA Sensetal,2024-11-28,RSV-N,NA,489632.42,1.4370953,1.199637,1.710284
ARA Sensetal,2024-11-29,RSV-N,495640.84,495640.84,1.4403336,1.20572,1.7188988
ARA Sensetal,2024-11-30,RSV-N,1782743.8,489632.42,1.4429096,1.2119863,1.7209895
ARA Sensetal,2024-12-01,RSV-N,483624,489632.42,1.4448014,1.212145,1.7189018
ARA Sensetal,2024-12-02,RSV-N,NA,489632.42,1.4459889,1.2145625,1.7209042
ARA Sensetal,2024-12-03,RSV-N,0,241812,1.4464537,1.2184035,1.7199367
ARA Sensetal,2024-12-04,RSV-N,NA,0,1.4461786,1.2183107,1.7142497
ARA Sensetal,2024-12-05,RSV-N,NA,0,1.4451485,1.219857,1.7097918
ARA Sensetal,2024-12-06,RSV-N,0,0,1.4433494,1.2223302,1.7037667
ARA Sensetal,2024-12-07,RSV-N,0,0,1.4407692,1.2233512,1.7020762
ARA Sensetal,2024-12-08,RSV-N,531682.1,0,1.4373974,1.2241857,1.6971775
ARA Sensetal,2024-12-09,RSV-N,NA,0,1.4332262,1.222347,1.6917348
ARA Sensetal,2024-12-10,RSV-N,NA,265841.05,1.4282548,1.2228748,1.6744232
ARA Sensetal,2024-12-11,RSV-N,0,760312.65,1.4224912,1.2210205,1.665364
ARA Sensetal,2024-12-12,RSV-N,NA,1487555.3,1.415952,1.2141912,1.6495048
ARA Sensetal,2024-12-13,RSV-N,988943.2,1487555.3,1.4086614,1.206734,1.6439873
ARA Sensetal,2024-12-14,RSV-N,1986167.4,1487555.3,1.4006529,1.1994582,1.633099
ARA Sensetal,2024-12-15,RSV-N,3378942.8,1986167.4,1.3919683,1.1889642,1.6184264
ARA Sensetal,2024-12-16,RSV-N,NA,1487555.3,1.3826574,1.183932,1.6010623
ARA Sensetal,2024-12-17,RSV-N,NA,2215492.45,1.3727788,1.180197,1.587218
ARA Sensetal,2024-12-18,RSV-N,NA,2911880.15,1.3623997,1.173095,1.5720226
ARA Sensetal,2024-12-19,RSV-N,0,3223197,1.3515956,1.1659962,1.554774
ARA Sensetal,2024-12-20,RSV-N,2444817.5,2444817.5,1.3404506,1.1567695,1.5432205
ARA Sensetal,2024-12-21,RSV-N,4001576.5,2444817.5,1.3290569,1.1455163,1.5311342
ARA Sensetal,2024-12-22,RSV-N,4078072.5,2444817.5,1.3175151,1.139443,1.5176222
ARA Sensetal,2024-12-23,RSV-N,2052280,3223197,1.3059311,1.1294137,1.5062712
ARA Sensetal,2024-12-24,RSV-N,NA,3534135.85,1.2944045,1.121095,1.492016
ARA Sensetal,2024-12-25,RSV-N,NA,2559487.6,1.2830251,1.1113187,1.4785655
ARA Sensetal,2024-12-26,RSV-N,NA,2559487.6,1.2718734,1.100063,1.4644088
ARA Sensetal,2024-12-27,RSV-N,3066695.2,3066695.2,1.26102,1.082396,1.4545177
ARA Sensetal,2024-12-28,RSV-N,1210685.5,3066695.2,1.250526,1.0696173,1.4430676
ARA Sensetal,2024-12-29,RSV-N,6681950.5,2949655.1,1.2404432,1.057327,1.434455
ARA Sensetal,2024-12-30,RSV-N,NA,2949655.1,1.2308145,1.0454577,1.4249915
ARA Sensetal,2024-12-31,RSV-N,NA,2456207.25,1.2216729,1.032206,1.4165674
ARA Sensetal,2025-01-01,RSV-N,2832615,2456207.25,1.213042,1.02428,1.4077826
ARA Sensetal,2025-01-02,RSV-N,NA,2456207.25,1.2049367,1.017458,1.397563
ARA Sensetal,2025-01-03,RSV-N,2079799.5,2456207.25,1.1973624,1.0055678,1.3861452
ARA Sensetal,2025-01-04,RSV-N,1852212.1,2456207.25,1.1903151,0.9998988,1.3792857
ARA Sensetal,2025-01-05,RSV-N,5075708,2079799.5,1.1837823,0.9947332,1.3752224
ARA Sensetal,2025-01-06,RSV-N,NA,1966005.8,1.1777427,0.99096215,1.3653742
ARA Sensetal,2025-01-07,RSV-N,NA,1321981.1,1.172173,0.9900474,1.3574582
ARA Sensetal,2025-01-08,RSV-N,NA,2293597.45,1.1670487,0.98470205,1.3516728
ARA Sensetal,2025-01-09,RSV-N,0,2293597.45,1.1623431,0.9846862,1.3477602
ARA Sensetal,2025-01-10,RSV-N,791750.1,791750.1,1.1580294,0.9810492,1.345133
ARA Sensetal,2025-01-11,RSV-N,3795444.8,791750.1,1.154079,0.9805563,1.339104
ARA Sensetal,2025-01-12,RSV-N,9475571,791750.1,1.1504618,0.98047245,1.3355905
ARA Sensetal,2025-01-13,RSV-N,0,2293597.45,1.1471473,0.98067147,1.3261704
ARA Sensetal,2025-01-14,RSV-N,NA,2150338.885,1.1441033,0.9762897,1.3172297
ARA Sensetal,2025-01-15,RSV-N,NA,3018290.485,1.1412967,0.97914946,1.3118062
ARA Sensetal,2025-01-16,RSV-N,NA,2567547.235,1.1386933,0.97747016,1.307219
ARA Sensetal,2025-01-17,RSV-N,505232.97,4629861.5,1.1362575,0.9753736,1.304964
ARA Sensetal,2025-01-18,RSV-N,5531348,2567547.235,1.1339527,0.9747907,1.298627
ARA Sensetal,2025-01-19,RSV-N,4629861.5,2567547.235,1.1317413,0.97897774,1.2977735
ARA Sensetal,2025-01-20,RSV-N,NA,2567547.235,1.1295842,0.9798203,1.295555
ARA Sensetal,2025-01-21,RSV-N,0,4766083.5,1.1274444,0.9830787,1.2909358
ARA Sensetal,2025-01-22,RSV-N,NA,4766083.5,1.1252853,0.98373264,1.2862365
ARA Sensetal,2025-01-23,RSV-N,NA,5893142.25,1.1230721,0.9841302,1.282899
ARA Sensetal,2025-01-24,RSV-N,4902305.5,5893142.25,1.1207721,0.98382133,1.2770168
ARA Sensetal,2025-01-25,RSV-N,6883979,6883979,1.1183531,0.98071206,1.2758563
ARA Sensetal,2025-01-26,RSV-N,20141076,5893142.25,1.1157854,0.9794856,1.2690645
ARA Sensetal,2025-01-27,RSV-N,NA,5893142.25,1.11304,0.9781265,1.2682475
ARA Sensetal,2025-01-28,RSV-N,NA,5571048,1.1100901,0.9745628,1.262262
ARA Sensetal,2025-01-29,RSV-N,1040942.1,3381590.5,1.1069102,0.9726363,1.2581915
ARA Sensetal,2025-01-30,RSV-N,NA,3381590.5,1.1034764,0.96623695,1.2543912
ARA Sensetal,2025-01-31,RSV-N,4258117,3381590.5,1.0997664,0.96427405,1.2538607
ARA Sensetal,2025-02-01,RSV-N,2505064,3381590.5,1.0957593,0.96139604,1.2526193
ARA Sensetal,2025-02-02,RSV-N,7053323.5,4258117,1.0914351,0.961049,1.252782
ARA Sensetal,2025-02-03,RSV-N,NA,3381590.5,1.0867771,0.95290583,1.2543435
ARA Sensetal,2025-02-04,RSV-N,NA,1901928.1,1.0817703,0.94410384,1.2469157
ARA Sensetal,2025-02-05,RSV-N,NA,4176057.85,1.0764029,0.93624383,1.2390952
ARA Sensetal,2025-02-06,RSV-N,1298792.2,4878499.1,1.070667,0.92862624,1.2361525
ARA Sensetal,2025-02-07,RSV-N,648458.75,1298792.2,1.0645577,0.91513306,1.2279752
ARA Sensetal,2025-02-08,RSV-N,8458206,1298792.2,1.0580733,0.9053146,1.2221117
ARA Sensetal,2025-02-09,RSV-N,14960650,1298792.2,1.0512159,0.8979015,1.211529
ARA Sensetal,2025-02-10,RSV-N,0,4553332.375,1.0439906,0.8920933,1.2031918
ARA Sensetal,2025-02-11,RSV-N,NA,7402402.5,1.0364062,0.8858106,1.194805
ARA Sensetal,2025-02-12,RSV-N,NA,5652065.5,1.0284746,0.87829703,1.1833795
ARA Sensetal,2025-02-13,RSV-N,NA,5652065.5,1.0202116,0.8696395,1.1738445
ARA Sensetal,2025-02-14,RSV-N,6346599,6346599,1.0116358,0.85966897,1.1643428
ARA Sensetal,2025-02-15,RSV-N,4957532,5652065.5,1.0027695,0.8517939,1.1533
ARA Sensetal,2025-02-16,RSV-N,9062069,5652065.5,0.99363744,0.8439198,1.1466932
ARA Sensetal,2025-02-17,RSV-N,NA,5652065.5,0.98426765,0.8354995,1.1369675
ARA Sensetal,2025-02-18,RSV-N,439464.97,7009800.5,0.9746864,0.82696694,1.1280807
ARA Sensetal,2025-02-19,RSV-N,NA,7009669,0.9649193,0.81810987,1.1200114
ARA Sensetal,2025-02-20,RSV-N,NA,7441641,0.95499015,0.80996895,1.1097323
ARA Sensetal,2025-02-21,RSV-N,9926013,7441641,0.94492155,0.7984566,1.0981293
ARA Sensetal,2025-02-22,RSV-N,4957269,9926013,0.93473464,0.79043996,1.084136
ARA Sensetal,2025-02-23,RSV-N,12773913,7441641,0.9244496,0.77932894,1.0707972
ARA Sensetal,2025-02-24,RSV-N,NA,7441641,0.91408557,0.7714711,1.0574267
ARA Sensetal,2025-02-25,RSV-N,NA,4164003.9,0.9036604,0.76168483,1.0462605
ARA Sensetal,2025-02-26,RSV-N,0,3306756,0.8931912,0.75414586,1.033713
ARA Sensetal,2025-02-27,RSV-N,NA,3306756,0.8826942,0.74312764,1.020916
ARA Sensetal,2025-02-28,RSV-N,3370738.8,3306756,0.87218446,0.7359966,1.0109948
ARA Sensetal,2025-03-01,RSV-N,3242773.2,3306756,0.861676,0.72823316,1.004912
ARA Sensetal,2025-03-02,RSV-N,6747201.5,3370738.8,0.8511815,0.72146046,0.99374574
ARA Sensetal,2025-03-03,RSV-N,NA,3306756,0.8407129,0.713481,0.9839281
ARA Sensetal,2025-03-04,RSV-N,NA,2161387.3,0.8302827,0.7060837,0.97313255
ARA Sensetal,2025-03-05,RSV-N,NA,3219941.7,0.8199048,0.69559926,0.96145105
ARA Sensetal,2025-03-06,RSV-N,1080001.4,3219941.7,0.8095944,0.6865748,0.95479834
ARA Sensetal,2025-03-07,RSV-N,0,1080001.4,0.79936814,0.67351055,0.941979
ARA Sensetal,2025-03-08,RSV-N,5359882,1080001.4,0.7892442,0.6622791,0.92964923
ARA Sensetal,2025-03-09,RSV-N,9928407,1080001.4,0.7792422,0.6517107,0.9182821
ARA Sensetal,2025-03-10,RSV-N,1040998.06,3200440.03,0.7693839,0.6389044,0.90626484
ARA Sensetal,2025-03-11,RSV-N,NA,6166967,0.7596927,0.6275536,0.8975992
ARA Sensetal,2025-03-12,RSV-N,NA,6064642.5,0.7501942,0.61789393,0.8874537
ARA Sensetal,2025-03-13,RSV-N,NA,4711864,0.74091583,0.60771686,0.87510324
ARA Sensetal,2025-03-14,RSV-N,6974052,5155233,0.73188716,0.5986306,0.86715066
ARA Sensetal,2025-03-15,RSV-N,5155233,4711864,0.72313935,0.5902908,0.85730624
ARA Sensetal,2025-03-16,RSV-N,4268495,4711864,0.714705,0.5814751,0.8486083
ARA Sensetal,2025-03-17,RSV-N,NA,4711864,0.70661706,0.5712933,0.8346556
ARA Sensetal,2025-03-18,RSV-N,1988885.9,3128690.45,0.69890565,0.5637928,0.8283105
ARA Sensetal,2025-03-19,RSV-N,NA,2226496.7,0.69159716,0.55598974,0.82375276
ARA Sensetal,2025-03-20,RSV-N,NA,2024031.25,0.6847146,0.5489143,0.8174072
ARA Sensetal,2025-03-21,RSV-N,1818456.6,2024031.25,0.6782776,0.5399698,0.8101614
ARA Sensetal,2025-03-22,RSV-N,2464107.5,2059176.6,0.67230284,0.5328455,0.8038808
ARA Sensetal,2025-03-23,RSV-N,2059176.6,1938816.6,0.6668043,0.5207386,0.8004048
ARA Sensetal,2025-03-24,RSV-N,NA,1938816.6,0.66179365,0.51561844,0.79691225
ARA Sensetal,2025-03-25,RSV-N,NA,2105795.05,0.65728027,0.5091154,0.79245883
ARA Sensetal,2025-03-26,RSV-N,430556.44,2105795.05,0.6532715,0.5046741,0.7892673
ARA Sensetal,2025-03-27,RSV-N,NA,1882847.5,0.64977264,0.50162923,0.7864665
ARA Sensetal,2025-03-28,RSV-N,2152413.5,1882847.5,0.64678705,0.50045925,0.7844977
ARA Sensetal,2025-03-29,RSV-N,2242426,1882847.5,0.6443157,0.50105137,0.78504366
ARA Sensetal,2025-03-30,RSV-N,1613281.5,2152413.5,0.6423571,0.49714863,0.78329855
ARA Sensetal,2025-03-31,RSV-N,NA,1882847.5,0.64090794,0.49517968,0.78296065
ARA Sensetal,2025-04-01,RSV-N,NA,1303238.1,0.63996583,0.4904742,0.7837585
ARA Sensetal,2025-04-02,RSV-N,NA,970136.2,0.6395301,0.4869603,0.7862852
ARA Sensetal,2025-04-03,RSV-N,0,970136.2,0.6396022,0.48585883,0.7860282
ARA Sensetal,2025-04-04,RSV-N,993194.7,947077.7,0.64018553,0.48413533,0.7885487
ARA Sensetal,2025-04-05,RSV-N,947077.7,947077.7,0.6412858,0.48658034,0.79084915
ARA Sensetal,2025-04-06,RSV-N,1543387.4,947077.7,0.6429109,0.48599043,0.7969469
ARA Sensetal,2025-04-07,RSV-N,364767.2,970136.2,0.6450711,0.4867902,0.79945123
ARA Sensetal,2025-04-08,RSV-N,NA,846682.5,0.6477787,0.48652998,0.8024705
ARA Sensetal,2025-04-09,RSV-N,NA,1087812.05,0.65104806,0.48454595,0.8079337
ARA Sensetal,2025-04-10,RSV-N,NA,1087812.05,0.65489537,0.484056,0.8150219
ARA Sensetal,2025-04-11,RSV-N,746287.3,1429336.8,0.6593386,0.48636648,0.820098
ARA Sensetal,2025-04-12,RSV-N,1429336.8,1087812.05,0.6643971,0.4882338,0.82786435
ARA Sensetal,2025-04-13,RSV-N,1934708.2,1087812.05,0.67009217,0.4919767,0.8350817
ARA Sensetal,2025-04-14,RSV-N,NA,1087812.05,0.67644465,0.49449325,0.8465559
ARA Sensetal,2025-04-15,RSV-N,0,1094407.775,0.6834691,0.5010301,0.8582755
ARA Sensetal,2025-04-16,RSV-N,NA,379739.375,0.691172,0.5088577,0.8748632
ARA Sensetal,2025-04-17,RSV-N,NA,0,0.6995524,0.5170243,0.88562435
ARA Sensetal,2025-04-18,RSV-N,759478.75,0,0.7086016,0.5288131,0.8979898
ARA Sensetal,2025-04-19,RSV-N,0,0,0.71830314,0.5387538,0.90799725
ARA Sensetal,2025-04-20,RSV-N,0,207883.89,0.72863257,0.54796493,0.92398196
ARA Sensetal,2025-04-21,RSV-N,NA,207883.89,0.73955643,0.56209695,0.9344213
ARA Sensetal,2025-04-22,RSV-N,NA,207883.89,0.7510322,0.5700841,0.94938767
ARA Sensetal,2025-04-23,RSV-N,415767.78,207883.89,0.7630071,0.5856206,0.9641871
ARA Sensetal,2025-04-24,RSV-N,NA,377086.84,0.77541804,0.6008103,0.97680324
ARA Sensetal,2025-04-25,RSV-N,449823.7,377086.84,0.78819084,0.6142086,0.99306047
ARA Sensetal,2025-04-26,RSV-N,0,377086.84,0.8012402,0.62669504,1.0061005
ARA Sensetal,2025-04-27,RSV-N,338405.9,338405.9,0.81446964,0.6350896,1.0187818
ARA Sensetal,2025-04-28,RSV-N,NA,169202.95,0.82777435,0.64466727,1.0347815
ARA Sensetal,2025-04-29,RSV-N,NA,0,0.8410527,0.6537847,1.0521295
ARA Sensetal,2025-04-30,RSV-N,NA,0,0.85420966,0.6625458,1.0732323
ARA Sensetal,2025-05-01,RSV-N,0,0,0.8671576,0.67203367,1.0967708
ARA Werdhoelzli,2024-11-01,RSV-N,2789837,1972096,1.3484571,1.1529756,1.528393
ARA Werdhoelzli,2024-11-02,RSV-N,1972096,1622443.9,1.3561928,1.1641115,1.5384502
ARA Werdhoelzli,2024-11-03,RSV-N,1272791.8,1622443.9,1.3637012,1.1697867,1.5453682
ARA Werdhoelzli,2024-11-04,RSV-N,NA,1622443.9,1.3709621,1.1813377,1.553892
ARA Werdhoelzli,2024-11-05,RSV-N,0,1436710.15,1.3779558,1.1943357,1.5611027
ARA Werdhoelzli,2024-11-06,RSV-N,NA,1436710.15,1.3846624,1.2043792,1.5676693
ARA Werdhoelzli,2024-11-07,RSV-N,NA,2109203,1.3910624,1.2149132,1.5724733
ARA Werdhoelzli,2024-11-08,RSV-N,1600628.5,2109203,1.397136,1.225017,1.5801243
ARA Werdhoelzli,2024-11-09,RSV-N,4493353.5,2617777.5,1.4028641,1.2356082,1.5864645
ARA Werdhoelzli,2024-11-10,RSV-N,2617777.5,2109203,1.4082276,1.2461478,1.5914402
ARA Werdhoelzli,2024-11-11,RSV-N,NA,2109203,1.4132074,1.2529365,1.593964
ARA Werdhoelzli,2024-11-12,RSV-N,NA,2657102.35,1.4177859,1.2599287,1.603102
ARA Werdhoelzli,2024-11-13,RSV-N,1095910.8,2303978,1.4219464,1.2676368,1.6038783
ARA Werdhoelzli,2024-11-14,RSV-N,NA,2343302.85,1.4256744,1.2730535,1.608313
ARA Werdhoelzli,2024-11-15,RSV-N,2696427.2,2343302.85,1.4289559,1.282698,1.6096412
ARA Werdhoelzli,2024-11-16,RSV-N,1990178.5,2343302.85,1.431779,1.28453,1.6117938
ARA Werdhoelzli,2024-11-17,RSV-N,3816591.8,2696427.2,1.4341329,1.286419,1.6127132
ARA Werdhoelzli,2024-11-18,RSV-N,NA,2343302.85,1.4360082,1.2904857,1.611855
ARA Werdhoelzli,2024-11-19,RSV-N,NA,2846709.35,1.4373972,1.2946105,1.608024
ARA Werdhoelzli,2024-11-20,RSV-N,NA,3618113.1,1.4382931,1.2954295,1.6011325
ARA Werdhoelzli,2024-11-21,RSV-N,1931715.9,3618113.1,1.4386909,1.2980963,1.597513
ARA Werdhoelzli,2024-11-22,RSV-N,3703240.2,3703240.2,1.438587,1.2994113,1.5929167
ARA Werdhoelzli,2024-11-23,RSV-N,3532986,3703240.2,1.4379789,1.2988948,1.5884868
ARA Werdhoelzli,2024-11-24,RSV-N,3947106,3703240.2,1.436866,1.2988533,1.5859805
ARA Werdhoelzli,2024-11-25,RSV-N,5826964,3825173.1,1.4352483,1.2978288,1.5844915
ARA Werdhoelzli,2024-11-26,RSV-N,NA,4710871,1.4331249,1.298829,1.58273
ARA Werdhoelzli,2024-11-27,RSV-N,NA,5516730.5,1.4304945,1.2931513,1.5772368
ARA Werdhoelzli,2024-11-28,RSV-N,NA,5692894.5,1.4273547,1.2905072,1.5738453
ARA Werdhoelzli,2024-11-29,RSV-N,5474636,5558825,1.4237016,1.28748,1.5741317
ARA Werdhoelzli,2024-11-30,RSV-N,5558825,8938733,1.4195309,1.2853475,1.573511
ARA Werdhoelzli,2024-12-01,RSV-N,12318641,8938733,1.4148369,1.2792068,1.5687435
ARA Werdhoelzli,2024-12-02,RSV-N,NA,8938733,1.4096129,1.2709194,1.565559
ARA Werdhoelzli,2024-12-03,RSV-N,26341962,8938733,1.4038517,1.267975,1.5577703
ARA Werdhoelzli,2024-12-04,RSV-N,NA,8925358.75,1.3975445,1.2635938,1.5564855
ARA Werdhoelzli,2024-12-05,RSV-N,NA,7253994.25,1.3906821,1.2587198,1.5510982
ARA Werdhoelzli,2024-12-06,RSV-N,3824618,7253994.25,1.383254,1.249262,1.5491632
ARA Werdhoelzli,2024-12-07,RSV-N,5532076.5,5532076.5,1.3752484,1.2398115,1.542895
ARA Werdhoelzli,2024-12-08,RSV-N,8975912,6235895.25,1.3666533,1.2293075,1.534581
ARA Werdhoelzli,2024-12-09,RSV-N,NA,6235895.25,1.3574562,1.218339,1.5238885
ARA Werdhoelzli,2024-12-10,RSV-N,NA,7957813,1.347653,1.2065343,1.5136913
ARA Werdhoelzli,2024-12-11,RSV-N,6939714,9285417.5,1.337248,1.1957155,1.5055825
ARA Werdhoelzli,2024-12-12,RSV-N,NA,10715757,1.3262544,1.1834657,1.4949608
ARA Werdhoelzli,2024-12-13,RSV-N,11836591,10715757,1.3146943,1.1708262,1.4787563
ARA Werdhoelzli,2024-12-14,RSV-N,9594923,10715757,1.3025988,1.1587932,1.4641773
ARA Werdhoelzli,2024-12-15,RSV-N,14959550,11836591,1.2900082,1.1468778,1.44703
ARA Werdhoelzli,2024-12-16,RSV-N,NA,10715757,1.2769716,1.1356725,1.4273922
ARA Werdhoelzli,2024-12-17,RSV-N,NA,12277236.5,1.263547,1.1242282,1.4095267
ARA Werdhoelzli,2024-12-18,RSV-N,NA,13930511.5,1.2498013,1.113312,1.3886358
ARA Werdhoelzli,2024-12-19,RSV-N,6778695.5,12762585.5,1.235811,1.1040647,1.3700823
ARA Werdhoelzli,2024-12-20,RSV-N,17554986,12901473,1.2216609,1.0923473,1.3512152
ARA Werdhoelzli,2024-12-21,RSV-N,12901473,12901473,1.2074447,1.082913,1.3322753
ARA Werdhoelzli,2024-12-22,RSV-N,12623698,12901473,1.1932652,1.0737585,1.3160143
ARA Werdhoelzli,2024-12-23,RSV-N,20077026,15228229.5,1.1792303,1.063188,1.3035543
ARA Werdhoelzli,2024-12-24,RSV-N,NA,16489249.5,1.165439,1.055074,1.2941532
ARA Werdhoelzli,2024-12-25,RSV-N,NA,22484856,1.1519783,1.0442377,1.2809438
ARA Werdhoelzli,2024-12-26,RSV-N,NA,24892686,1.1389223,1.030204,1.2686627
ARA Werdhoelzli,2024-12-27,RSV-N,24892686,25182821,1.1263342,1.0138732,1.2603637
ARA Werdhoelzli,2024-12-28,RSV-N,25472956,25182821,1.1142639,1.0014257,1.24721
ARA Werdhoelzli,2024-12-29,RSV-N,NA,24892686,1.1027497,0.9907499,1.235413
ARA Werdhoelzli,2024-12-30,RSV-N,NA,24892686,1.0918182,0.9769209,1.2215955
ARA Werdhoelzli,2024-12-31,RSV-N,NA,21299332,1.0814837,0.9664481,1.2096825
ARA Werdhoelzli,2025-01-01,RSV-N,21299332,17416208,1.071749,0.9559261,1.1964897
ARA Werdhoelzli,2025-01-02,RSV-N,NA,14008730.5,1.0626051,0.9472219,1.1830293
ARA Werdhoelzli,2025-01-03,RSV-N,17416208,14008730.5,1.0540318,0.9375868,1.1735482
ARA Werdhoelzli,2025-01-04,RSV-N,10601253,14008730.5,1.0459967,0.9315613,1.1607337
ARA Werdhoelzli,2025-01-05,RSV-N,10472649,10601253,1.038456,0.92574745,1.1503142
ARA Werdhoelzli,2025-01-06,RSV-N,NA,11317862,1.0313565,0.9203551,1.1441325
ARA Werdhoelzli,2025-01-07,RSV-N,NA,11317862,1.024646,0.9153603,1.1366932
ARA Werdhoelzli,2025-01-08,RSV-N,NA,14388927.5,1.0182754,0.9119678,1.130542
ARA Werdhoelzli,2025-01-09,RSV-N,12034471,19765432,1.0121979,0.9063,1.1247307
ARA Werdhoelzli,2025-01-10,RSV-N,27655866,16743384,1.0063708,0.90112114,1.1193727
ARA Werdhoelzli,2025-01-11,RSV-N,16743384,16743384,1.000754,0.8970165,1.1145368
ARA Werdhoelzli,2025-01-12,RSV-N,22787480,16743384,0.99531126,0.8932083,1.1048738
ARA Werdhoelzli,2025-01-13,RSV-N,14865139,19765432,0.9900085,0.8883631,1.0966787
ARA Werdhoelzli,2025-01-14,RSV-N,NA,15804261.5,0.98481584,0.884198,1.0916625
ARA Werdhoelzli,2025-01-15,RSV-N,NA,14041101.5,0.9797062,0.87854475,1.0852135
ARA Werdhoelzli,2025-01-16,RSV-N,NA,14041101.5,0.9746559,0.8732633,1.0786335
ARA Werdhoelzli,2025-01-17,RSV-N,11216946,13217064,0.9696445,0.8698481,1.0758302
ARA Werdhoelzli,2025-01-18,RSV-N,13217064,13917031,0.96465456,0.86482793,1.072636
ARA Werdhoelzli,2025-01-19,RSV-N,18415694,13917031,0.9596719,0.8601983,1.0722867
ARA Werdhoelzli,2025-01-20,RSV-N,NA,13917031,0.9546855,0.8563758,1.065695
ARA Werdhoelzli,2025-01-21,RSV-N,14616998,16516346,0.94968796,0.8535707,1.0602945
ARA Werdhoelzli,2025-01-22,RSV-N,NA,16910164,0.944676,0.84802115,1.0549418
ARA Werdhoelzli,2025-01-23,RSV-N,NA,15398914,0.9396502,0.8407564,1.0501655
ARA Werdhoelzli,2025-01-24,RSV-N,22721238,15398914,0.934615,0.83612216,1.041314
ARA Werdhoelzli,2025-01-25,RSV-N,15404634,15404634,0.92957926,0.82877785,1.034944
ARA Werdhoelzli,2025-01-26,RSV-N,15393194,18565634,0.9245557,0.82240254,1.0287105
ARA Werdhoelzli,2025-01-27,RSV-N,NA,18565634,0.9195614,0.8159636,1.020803
ARA Werdhoelzli,2025-01-28,RSV-N,NA,18565634,0.9146171,0.8130344,1.0161365
ARA Werdhoelzli,2025-01-29,RSV-N,21726634,20327743,0.9097483,0.8096461,1.0077645
ARA Werdhoelzli,2025-01-30,RSV-N,NA,23530027,0.9049843,0.8070873,0.9996502
ARA Werdhoelzli,2025-01-31,RSV-N,31564644,23530027,0.9003583,0.8033901,0.9940007
ARA Werdhoelzli,2025-02-01,RSV-N,18928852,23530027,0.89590776,0.7982643,0.988633
ARA Werdhoelzli,2025-02-02,RSV-N,25333420,25333420,0.89167386,0.7942141,0.98366606
ARA Werdhoelzli,2025-02-03,RSV-N,NA,23816973,0.8876998,0.7893964,0.9810893
ARA Werdhoelzli,2025-02-04,RSV-N,NA,20614689,0.8840246,0.7850124,0.9807949
ARA Werdhoelzli,2025-02-05,RSV-N,NA,17482494.5,0.88068116,0.78031874,0.9784152
ARA Werdhoelzli,2025-02-06,RSV-N,22300526,12709944,0.8776964,0.7775663,0.9762946
ARA Werdhoelzli,2025-02-07,RSV-N,12664463,12664463,0.8750917,0.77644557,0.9737081
ARA Werdhoelzli,2025-02-08,RSV-N,9336587,12664463,0.8728825,0.7718904,0.97055423
ARA Werdhoelzli,2025-02-09,RSV-N,12755425,12664463,0.8710788,0.77102375,0.96839213
ARA Werdhoelzli,2025-02-10,RSV-N,12007735,12336099,0.8696851,0.77163684,0.96521276
ARA Werdhoelzli,2025-02-11,RSV-N,NA,11435004,0.86870044,0.7692042,0.9611373
ARA Werdhoelzli,2025-02-12,RSV-N,NA,11435004,0.8681182,0.7688038,0.9583453
ARA Werdhoelzli,2025-02-13,RSV-N,NA,11435004,0.86792636,0.76859355,0.95769054
ARA Werdhoelzli,2025-02-14,RSV-N,10862273,10862273,0.8681073,0.7695902,0.95858663
ARA Werdhoelzli,2025-02-15,RSV-N,4996296.5,12132973,0.8686376,0.7709021,0.95924187
ARA Werdhoelzli,2025-02-16,RSV-N,13403673,12132973,0.8694882,0.7715394,0.9598454
ARA Werdhoelzli,2025-02-17,RSV-N,NA,12132973,0.8706249,0.77259994,0.9604446
ARA Werdhoelzli,2025-02-18,RSV-N,16548258,9921923.75,0.87201273,0.7747018,0.96474737
ARA Werdhoelzli,2025-02-19,RSV-N,NA,12596065,0.87361676,0.7787537,0.96562976
ARA Werdhoelzli,2025-02-20,RSV-N,NA,11666886,0.875402,0.78127617,0.96581
ARA Werdhoelzli,2025-02-21,RSV-N,6440174.5,11666886,0.8773339,0.7838924,0.96896183
ARA Werdhoelzli,2025-02-22,RSV-N,11788457,11545315,0.87937796,0.78718734,0.9740096
ARA Werdhoelzli,2025-02-23,RSV-N,11545315,11483894.5,0.88150007,0.78897667,0.9774001
ARA Werdhoelzli,2025-02-24,RSV-N,NA,11483894.5,0.8836662,0.79286635,0.9779153
ARA Werdhoelzli,2025-02-25,RSV-N,NA,11666886,0.8858429,0.7955515,0.9822419
ARA Werdhoelzli,2025-02-26,RSV-N,11422474,11682231.5,0.8879966,0.7979879,0.9850609
ARA Werdhoelzli,2025-02-27,RSV-N,NA,14156820,0.89009416,0.80036855,0.9905386
ARA Werdhoelzli,2025-02-28,RSV-N,17039976,14156820,0.89210254,0.8013155,0.99513495
ARA Werdhoelzli,2025-03-01,RSV-N,11819148,14156820,0.8939887,0.8037176,0.9955583
ARA Werdhoelzli,2025-03-02,RSV-N,16494492,16494492,0.8957199,0.80387765,0.99609005
ARA Werdhoelzli,2025-03-03,RSV-N,NA,14156820,0.89726335,0.80665475,0.9987913
ARA Werdhoelzli,2025-03-04,RSV-N,NA,9356364.5,0.89858717,0.8081083,0.9986648
ARA Werdhoelzli,2025-03-05,RSV-N,NA,7090762.75,0.8996603,0.80840206,1.0017805
ARA Werdhoelzli,2025-03-06,RSV-N,6893581,6334257.5,0.9004529,0.8076949,1.0040505
ARA Werdhoelzli,2025-03-07,RSV-N,5181200.5,5774934,0.9009362,0.807978,1.0038905
ARA Werdhoelzli,2025-03-08,RSV-N,7287944.5,5774934,0.9010824,0.8075548,1.004044
ARA Werdhoelzli,2025-03-09,RSV-N,5774934,5774934,0.90086496,0.8055432,1.0059062
ARA Werdhoelzli,2025-03-10,RSV-N,2847485.5,5478067.25,0.9002587,0.8070295,1.0050535
ARA Werdhoelzli,2025-03-11,RSV-N,NA,6531439.25,0.89923954,0.8062138,1.004505
ARA Werdhoelzli,2025-03-12,RSV-N,NA,6237937.75,0.8977844,0.8057163,1.002737
ARA Werdhoelzli,2025-03-13,RSV-N,NA,8201669.75,0.8958716,0.8061997,0.9982391
ARA Werdhoelzli,2025-03-14,RSV-N,9702398,9702398,0.8934805,0.8053751,0.99443626
ARA Werdhoelzli,2025-03-15,RSV-N,6700941.5,8226183,0.89059144,0.8020331,0.9918487
ARA Werdhoelzli,2025-03-16,RSV-N,10152257,8226183,0.88718605,0.7989108,0.9876672
ARA Werdhoelzli,2025-03-17,RSV-N,NA,8226183,0.883248,0.7951393,0.9839661
ARA Werdhoelzli,2025-03-18,RSV-N,6749968,8078379.5,0.87876755,0.78873825,0.9793094
ARA Werdhoelzli,2025-03-19,RSV-N,NA,8078379.5,0.8737429,0.78180724,0.9745898
ARA Werdhoelzli,2025-03-20,RSV-N,NA,7875870.5,0.8681802,0.77533233,0.9701398
ARA Werdhoelzli,2025-03-21,RSV-N,9406791,7875870.5,0.8620935,0.7701378,0.9655332
ARA Werdhoelzli,2025-03-22,RSV-N,4571257,9001773,0.85550493,0.7633813,0.9603072
ARA Werdhoelzli,2025-03-23,RSV-N,9001773,9204282,0.84844446,0.7540839,0.95386595
ARA Werdhoelzli,2025-03-24,RSV-N,NA,9204282,0.8409502,0.7476869,0.9441304
ARA Werdhoelzli,2025-03-25,RSV-N,NA,8390843.75,0.8330681,0.73871017,0.93830776
ARA Werdhoelzli,2025-03-26,RSV-N,10016048,9221434.5,0.82485205,0.72854805,0.9278929
ARA Werdhoelzli,2025-03-27,RSV-N,NA,8936803.5,0.8163637,0.7181565,0.91825837
ARA Werdhoelzli,2025-03-28,RSV-N,7779914.5,8936803.5,0.8076724,0.71171665,0.9110229
ARA Werdhoelzli,2025-03-29,RSV-N,9441096,8936803.5,0.79885465,0.70019275,0.9000771
ARA Werdhoelzli,2025-03-30,RSV-N,8432511,8432511,0.7899943,0.69308877,0.8929638
ARA Werdhoelzli,2025-03-31,RSV-N,NA,8106212.75,0.78117937,0.6822857,0.8839983
ARA Werdhoelzli,2025-04-01,RSV-N,NA,6898374.75,0.7724922,0.67078865,0.8771133
ARA Werdhoelzli,2025-04-02,RSV-N,NA,4842046.25,0.76400656,0.6601971,0.8697994
ARA Werdhoelzli,2025-04-03,RSV-N,3575522.5,4842046.25,0.7557883,0.65177584,0.8612249
ARA Werdhoelzli,2025-04-04,RSV-N,5364238.5,4319854,0.74789524,0.64156085,0.854368
ARA Werdhoelzli,2025-04-05,RSV-N,4319854,4319854,0.74037737,0.63431215,0.8455406
ARA Werdhoelzli,2025-04-06,RSV-N,7313698.5,4319854,0.7332775,0.62554944,0.8351384
ARA Werdhoelzli,2025-04-07,RSV-N,3421620,4842046.25,0.72663087,0.619311,0.8284553
ARA Werdhoelzli,2025-04-08,RSV-N,NA,4817002.5,0.7204659,0.6148886,0.8203664
ARA Werdhoelzli,2025-04-09,RSV-N,NA,4367885.5,0.7148038,0.6074773,0.8146305
ARA Werdhoelzli,2025-04-10,RSV-N,NA,3491345.6,0.7096589,0.6032091,0.80831194
ARA Werdhoelzli,2025-04-11,RSV-N,5314151,3561071.2,0.7050385,0.6009094,0.8030974
ARA Werdhoelzli,2025-04-12,RSV-N,2955083.8,3258077.5,0.7009424,0.5995502,0.8011107
ARA Werdhoelzli,2025-04-13,RSV-N,3561071.2,3258077.5,0.6973631,0.5965099,0.7965906
ARA Werdhoelzli,2025-04-14,RSV-N,NA,3258077.5,0.69428676,0.5933263,0.7943445
ARA Werdhoelzli,2025-04-15,RSV-N,387294.6,3258077.5,0.6916978,0.5910995,0.79410493
ARA Werdhoelzli,2025-04-16,RSV-N,NA,3216840.85,0.68958044,0.58643305,0.7965279
ARA Werdhoelzli,2025-04-17,RSV-N,NA,2284958.15,0.68791884,0.58264846,0.7952168
ARA Werdhoelzli,2025-04-18,RSV-N,7936968,2284958.15,0.68669736,0.57889366,0.7947478
ARA Werdhoelzli,2025-04-19,RSV-N,2872610.5,2872610.5,0.68590057,0.574112,0.7961188
ARA Werdhoelzli,2025-04-20,RSV-N,1697305.8,2284958.15,0.6855137,0.572492,0.79857445
ARA Werdhoelzli,2025-04-21,RSV-N,NA,2284958.15,0.6855222,0.57182646,0.80090904
ARA Werdhoelzli,2025-04-22,RSV-N,NA,1369044.025,0.68591243,0.5719798,0.8030366
ARA Werdhoelzli,2025-04-23,RSV-N,543146.6,1369044.025,0.686671,0.571166,0.80475634
ARA Werdhoelzli,2025-04-24,RSV-N,NA,1670029.125,0.6877851,0.5696836,0.8052
ARA Werdhoelzli,2025-04-25,RSV-N,1040782.25,1670029.125,0.68924177,0.5698472,0.80886334
ARA Werdhoelzli,2025-04-26,RSV-N,4220752.5,1670029.125,0.6910284,0.57022774,0.8099834
ARA Werdhoelzli,2025-04-27,RSV-N,2299276,2299276,0.6931321,0.5706678,0.8109944
ARA Werdhoelzli,2025-04-28,RSV-N,NA,1670029.125,0.69553953,0.57049346,0.8144859
ARA Werdhoelzli,2025-04-29,RSV-N,NA,1769434.1,0.69823784,0.5688038,0.8201679
ARA Werdhoelzli,2025-04-30,RSV-N,NA,794612.3,0.7012145,0.57074374,0.8210468
ARA Werdhoelzli,2025-05-01,RSV-N,306286.34,794612.3,0.7044577,0.5737464,0.82608634
CDA Lugano,2024-11-01,RSV-N,0,1181561.4,1.5113283,1.2196592,1.8167713
CDA Lugano,2024-11-02,RSV-N,1181561.4,590780.7,1.5244148,1.230514,1.8302428
CDA Lugano,2024-11-03,RSV-N,1215983.2,590780.7,1.5371193,1.2507588,1.8482443
CDA Lugano,2024-11-04,RSV-N,NA,590780.7,1.5494206,1.2663788,1.8590145
CDA Lugano,2024-11-05,RSV-N,0,590780.7,1.5612992,1.2796493,1.8725352
CDA Lugano,2024-11-06,RSV-N,NA,230888.485,1.5727358,1.296492,1.886344
CDA Lugano,2024-11-07,RSV-N,NA,230888.485,1.5837115,1.3096087,1.8960673
CDA Lugano,2024-11-08,RSV-N,0,230888.485,1.5942082,1.3222525,1.904845
CDA Lugano,2024-11-09,RSV-N,461776.97,461776.97,1.604209,1.3385015,1.916323
CDA Lugano,2024-11-10,RSV-N,567614.25,230888.485,1.6136966,1.348478,1.9246552
CDA Lugano,2024-11-11,RSV-N,NA,230888.485,1.6226544,1.3602113,1.9318558
CDA Lugano,2024-11-12,RSV-N,NA,514695.61,1.631065,1.3722588,1.9375103
CDA Lugano,2024-11-13,RSV-N,0,488602.375,1.6389091,1.3851502,1.942438
CDA Lugano,2024-11-14,RSV-N,NA,659683.15,1.646166,1.3897142,1.9464607
CDA Lugano,2024-11-15,RSV-N,1559347,659683.15,1.6528137,1.3962543,1.9534123
CDA Lugano,2024-11-16,RSV-N,409590.5,659683.15,1.6588287,1.4044422,1.9584763
CDA Lugano,2024-11-17,RSV-N,909775.8,909775.8,1.6641861,1.410241,1.9616992
CDA Lugano,2024-11-18,RSV-N,NA,1234561.4,1.6688594,1.4132367,1.9663085
CDA Lugano,2024-11-19,RSV-N,NA,1122997.5,1.6728206,1.4241518,1.962667
CDA Lugano,2024-11-20,RSV-N,NA,1122997.5,1.6760404,1.4360838,1.9659425
CDA Lugano,2024-11-21,RSV-N,1958801.2,1306196.85,1.6784884,1.4404857,1.9677322
CDA Lugano,2024-11-22,RSV-N,1336219.2,1336219.2,1.680132,1.44425,1.9649688
CDA Lugano,2024-11-23,RSV-N,833086.94,1336219.2,1.6809375,1.4476542,1.9661328
CDA Lugano,2024-11-24,RSV-N,1276174.5,1336219.2,1.6808699,1.4535288,1.9625415
CDA Lugano,2024-11-25,RSV-N,1788019.8,1306196.85,1.679893,1.4504085,1.954873
CDA Lugano,2024-11-26,RSV-N,NA,1054630.72,1.6779727,1.4467362,1.9469212
CDA Lugano,2024-11-27,RSV-N,NA,1131894,1.6750762,1.4451772,1.939333
CDA Lugano,2024-11-28,RSV-N,NA,1387816.65,1.6711737,1.4482467,1.927596
CDA Lugano,2024-11-29,RSV-N,0,987613.5,1.6662374,1.4439082,1.913046
CDA Lugano,2024-11-30,RSV-N,987613.5,1544130,1.6602414,1.4376565,1.9006493
CDA Lugano,2024-12-01,RSV-N,4985116.5,1544130,1.6531624,1.4337282,1.8918538
CDA Lugano,2024-12-02,RSV-N,NA,1544130,1.6449786,1.4233807,1.877937
CDA Lugano,2024-12-03,RSV-N,2100646.5,3542881.5,1.6356714,1.4139285,1.8608125
CDA Lugano,2024-12-04,RSV-N,NA,6271430,1.6252238,1.40424,1.8455143
CDA Lugano,2024-12-05,RSV-N,NA,4829195,1.613621,1.395436,1.8302075
CDA Lugano,2024-12-06,RSV-N,7557743.5,4829195,1.6008507,1.3858982,1.819663
CDA Lugano,2024-12-07,RSV-N,9715976,7557743.5,1.5869026,1.3744342,1.8084605
CDA Lugano,2024-12-08,RSV-N,1227349.6,6832461.25,1.5717688,1.3544655,1.7962573
CDA Lugano,2024-12-09,RSV-N,NA,6832461.25,1.5554456,1.3380997,1.7757905
CDA Lugano,2024-12-10,RSV-N,NA,6037761.75,1.5379436,1.3197843,1.759337
CDA Lugano,2024-12-11,RSV-N,6107179,6037761.75,1.5192899,1.3009595,1.7381407
CDA Lugano,2024-12-12,RSV-N,NA,6602051.75,1.4995277,1.2831453,1.7164552
CDA Lugano,2024-12-13,RSV-N,5968344.5,6602051.75,1.4787165,1.2644422,1.6928473
CDA Lugano,2024-12-14,RSV-N,7096924.5,6602051.75,1.4569325,1.2458258,1.6648753
CDA Lugano,2024-12-15,RSV-N,7637914.5,7096924.5,1.4342684,1.2281122,1.6341827
CDA Lugano,2024-12-16,RSV-N,NA,7367419.5,1.4108328,1.2033075,1.599893
CDA Lugano,2024-12-17,RSV-N,NA,7367419.5,1.3867508,1.182751,1.5695722
CDA Lugano,2024-12-18,RSV-N,NA,7642984,1.3621647,1.1677227,1.5404832
CDA Lugano,2024-12-19,RSV-N,8401053,8024553.25,1.3372326,1.1503882,1.50889
CDA Lugano,2024-12-20,RSV-N,6020143,7648053.5,1.3121289,1.134958,1.4753553
CDA Lugano,2024-12-21,RSV-N,7648053.5,7648053.5,1.2870449,1.1112965,1.4520905
CDA Lugano,2024-12-22,RSV-N,11687530,7648053.5,1.2621874,1.0946473,1.4270397
CDA Lugano,2024-12-23,RSV-N,6509854.5,7078954,1.2377728,1.0780867,1.4033445
CDA Lugano,2024-12-24,RSV-N,NA,9667791.75,1.2140007,1.0647757,1.3800257
CDA Lugano,2024-12-25,RSV-N,NA,11746607,1.1910471,1.0449525,1.3574405
CDA Lugano,2024-12-26,RSV-N,NA,12693862,1.169064,1.02469,1.3352284
CDA Lugano,2024-12-27,RSV-N,13966456,13582040,1.1481799,1.003928,1.3123025
CDA Lugano,2024-12-28,RSV-N,11805684,13582040,1.1284993,0.98156667,1.2908843
CDA Lugano,2024-12-29,RSV-N,13582040,13582040,1.1101035,0.96052855,1.2726307
CDA Lugano,2024-12-30,RSV-N,NA,13582040,1.0930508,0.94249946,1.2524037
CDA Lugano,2024-12-31,RSV-N,NA,12693862,1.0773755,0.924898,1.2304122
CDA Lugano,2025-01-01,RSV-N,NA,13582040,1.0630902,0.9105655,1.2126223
CDA Lugano,2025-01-02,RSV-N,NA,NA,1.0501847,0.9010925,1.197593
CDA Lugano,2025-01-03,RSV-N,NA,NA,1.0386267,0.8902848,1.1824442
CDA Lugano,2025-01-04,RSV-N,NA,NA,1.0283616,0.8813385,1.1683837
CDA Lugano,2025-01-05,RSV-N,NA,NA,1.0193133,0.87303495,1.1574153
CDA Lugano,2025-01-06,RSV-N,NA,17999510,1.0113875,0.868257,1.144982
CDA Lugano,2025-01-07,RSV-N,NA,13934988,1.0044892,0.86989695,1.1370165
CDA Lugano,2025-01-08,RSV-N,NA,9870466,0.9985278,0.8686437,1.1310432
CDA Lugano,2025-01-09,RSV-N,17999510,11638727.5,0.9934159,0.86721075,1.1227608
CDA Lugano,2025-01-10,RSV-N,9870466,10192011,0.98907,0.8644866,1.1168416
CDA Lugano,2025-01-11,RSV-N,6031481.5,10192011,0.9854102,0.8643281,1.1120373
CDA Lugano,2025-01-12,RSV-N,13406989,10192011,0.9823603,0.862467,1.107796
CDA Lugano,2025-01-13,RSV-N,10192011,10031238.5,0.97984815,0.86236405,1.105029
CDA Lugano,2025-01-14,RSV-N,NA,9178241.25,0.977805,0.86168164,1.1002225
CDA Lugano,2025-01-15,RSV-N,NA,9178241.25,0.97616625,0.8580697,1.0949308
CDA Lugano,2025-01-16,RSV-N,NA,8649514.75,0.97487086,0.856236,1.0929325
CDA Lugano,2025-01-17,RSV-N,8164471.5,8164471.5,0.97386163,0.8561555,1.0916815
CDA Lugano,2025-01-18,RSV-N,4990225.5,8649514.75,0.97308475,0.85504586,1.0893253
CDA Lugano,2025-01-19,RSV-N,9134558,8649514.75,0.9724905,0.8557604,1.0856165
CDA Lugano,2025-01-20,RSV-N,NA,8649514.75,0.9720323,0.8558167,1.0887418
CDA Lugano,2025-01-21,RSV-N,13021066,9395736,0.9716691,0.85450923,1.0873058
CDA Lugano,2025-01-22,RSV-N,NA,11338990,0.97136474,0.8545263,1.086914
CDA Lugano,2025-01-23,RSV-N,NA,11338990,0.97108877,0.8538638,1.0866653
CDA Lugano,2025-01-24,RSV-N,9656914,11338990,0.97081584,0.85534984,1.0861932
CDA Lugano,2025-01-25,RSV-N,17141678,9656914,0.97052634,0.8532626,1.0849007
CDA Lugano,2025-01-26,RSV-N,4919532.5,8676890,0.9702059,0.8510383,1.0837728
CDA Lugano,2025-01-27,RSV-N,NA,8676890,0.9698459,0.84941566,1.0837878
CDA Lugano,2025-01-28,RSV-N,NA,12419272,0.9694431,0.84694034,1.0818763
CDA Lugano,2025-01-29,RSV-N,7696866,11893136,0.9689996,0.8474357,1.082263
CDA Lugano,2025-01-30,RSV-N,NA,11893136,0.9685235,0.8455225,1.0832444
CDA Lugano,2025-01-31,RSV-N,21640490,11893136,0.9680279,0.8458533,1.0819943
CDA Lugano,2025-02-01,RSV-N,16089406,11893136,0.96753156,0.8466275,1.0825473
CDA Lugano,2025-02-02,RSV-N,7363695.5,16089406,0.9670586,0.8452355,1.0814584
CDA Lugano,2025-02-03,RSV-N,NA,12884940.5,0.9666371,0.84691,1.0799862
CDA Lugano,2025-02-04,RSV-N,NA,8697268.75,0.96629333,0.8490384,1.0809828
CDA Lugano,2025-02-05,RSV-N,NA,8697268.75,0.9660509,0.8523499,1.0801265
CDA Lugano,2025-02-06,RSV-N,9680475,8697268.75,0.9659308,0.8553212,1.0803455
CDA Lugano,2025-02-07,RSV-N,7714062.5,9680475,0.96595067,0.8535867,1.079366
CDA Lugano,2025-02-08,RSV-N,9986063,9680475,0.9661256,0.8524656,1.0798752
CDA Lugano,2025-02-09,RSV-N,6876565,9680475,0.966468,0.8524981,1.0795745
CDA Lugano,2025-02-10,RSV-N,45023540,8850062.75,0.96698743,0.85331917,1.0783098
CDA Lugano,2025-02-11,RSV-N,NA,12317028.5,0.967691,0.85273314,1.0774733
CDA Lugano,2025-02-12,RSV-N,NA,14075731,0.9685825,0.85303533,1.077744
CDA Lugano,2025-02-13,RSV-N,NA,14075731,0.96966374,0.8563562,1.0792513
CDA Lugano,2025-02-14,RSV-N,14647994,13503468,0.97093296,0.8580308,1.07796
CDA Lugano,2025-02-15,RSV-N,13503468,13489862,0.9723859,0.85656357,1.079452
CDA Lugano,2025-02-16,RSV-N,13476256,13489862,0.9740154,0.8595381,1.0815532
CDA Lugano,2025-02-17,RSV-N,NA,13489862,0.9758104,0.86182356,1.085897
CDA Lugano,2025-02-18,RSV-N,9695525,11585890.5,0.97775316,0.86152077,1.0876722
CDA Lugano,2025-02-19,RSV-N,NA,9582691.5,0.979818,0.8641549,1.0905282
CDA Lugano,2025-02-20,RSV-N,NA,8014413.75,0.9819719,0.86620843,1.093953
CDA Lugano,2025-02-21,RSV-N,6558969.5,8014413.75,0.984174,0.8710629,1.0973595
CDA Lugano,2025-02-22,RSV-N,9469858,6558969.5,0.9863761,0.87191033,1.101807
CDA Lugano,2025-02-23,RSV-N,5209644.5,7047328,0.98852223,0.8748739,1.1042688
CDA Lugano,2025-02-24,RSV-N,NA,7047328,0.9905489,0.8757011,1.1110368
CDA Lugano,2025-02-25,RSV-N,NA,6372665.5,0.99238515,0.8758601,1.1147102
CDA Lugano,2025-02-26,RSV-N,7535686.5,5208856.75,0.9939521,0.87744015,1.120008
CDA Lugano,2025-02-27,RSV-N,NA,6371877.75,0.99516326,0.8773461,1.1261125
CDA Lugano,2025-02-28,RSV-N,5208069,6371877.75,0.99592465,0.87681264,1.1308738
CDA Lugano,2025-03-01,RSV-N,4864329.5,6371877.75,0.99613434,0.8778989,1.1363945
CDA Lugano,2025-03-02,RSV-N,12726890,5208069,0.99568284,0.8744084,1.137152
CDA Lugano,2025-03-03,RSV-N,NA,6301995.75,0.9944572,0.8732169,1.1420888
CDA Lugano,2025-03-04,RSV-N,NA,6130126,0.99235845,0.8720145,1.1439245
CDA Lugano,2025-03-05,RSV-N,NA,7471281.5,0.9893061,0.8682407,1.1467153
CDA Lugano,2025-03-06,RSV-N,7395922.5,7471281.5,0.98523825,0.86193657,1.142001
CDA Lugano,2025-03-07,RSV-N,3991375,7395922.5,0.9801113,0.85550874,1.1358497
CDA Lugano,2025-03-08,RSV-N,7546640.5,7395922.5,0.97390056,0.848958,1.127418
CDA Lugano,2025-03-09,RSV-N,14511854,7395922.5,0.96660006,0.84417164,1.1183302
CDA Lugano,2025-03-10,RSV-N,2085236.1,5769007.75,0.95822257,0.8371956,1.104811
CDA Lugano,2025-03-11,RSV-N,NA,10801780.75,0.9487997,0.82997847,1.090063
CDA Lugano,2025-03-12,RSV-N,NA,9743317.5,0.9383817,0.81942815,1.075851
CDA Lugano,2025-03-13,RSV-N,NA,9743317.5,0.92703724,0.81008464,1.0565594
CDA Lugano,2025-03-14,RSV-N,14056921,14056921,0.91485375,0.80160254,1.0390277
CDA Lugano,2025-03-15,RSV-N,5429714,10478974,0.9019366,0.7892969,1.0244633
CDA Lugano,2025-03-16,RSV-N,17338664,10478974,0.888409,0.77829856,1.0132935
CDA Lugano,2025-03-17,RSV-N,NA,10478974,0.8744075,0.7649317,1.001185
CDA Lugano,2025-03-18,RSV-N,6901027,12119845.5,0.86006474,0.7481665,0.991927
CDA Lugano,2025-03-19,RSV-N,NA,16814873.5,0.84550625,0.7313709,0.9788546
CDA Lugano,2025-03-20,RSV-N,NA,11704192,0.8308493,0.71367395,0.96468383
CDA Lugano,2025-03-21,RSV-N,17961672,11704192,0.8162038,0.69684535,0.9497112
CDA Lugano,2025-03-22,RSV-N,16291083,16291083,0.8016719,0.68072665,0.934209
CDA Lugano,2025-03-23,RSV-N,7117301,14659703.5,0.7873486,0.6608837,0.91818404
CDA Lugano,2025-03-24,RSV-N,NA,14659703.5,0.7733217,0.64407784,0.9029834
CDA Lugano,2025-03-25,RSV-N,NA,12072177,0.75967216,0.6301963,0.8862972
CDA Lugano,2025-03-26,RSV-N,13028324,9116665.5,0.74647444,0.61843306,0.8693845
CDA Lugano,2025-03-27,RSV-N,NA,9550184,0.73379666,0.6066458,0.85405886
CDA Lugano,2025-03-28,RSV-N,11116030,9550184,0.7217005,0.5970074,0.841492
CDA Lugano,2025-03-29,RSV-N,2462305.8,9550184,0.710241,0.5894059,0.83037525
CDA Lugano,2025-03-30,RSV-N,7984338,7984338,0.6994663,0.58121806,0.82111585
CDA Lugano,2025-03-31,RSV-N,NA,6073869.1,0.6894172,0.5711399,0.81153834
CDA Lugano,2025-04-01,RSV-N,NA,3824416.85,0.68012726,0.5587429,0.80517334
CDA Lugano,2025-04-02,RSV-N,NA,3824416.85,0.67162335,0.5451707,0.79526573
CDA Lugano,2025-04-03,RSV-N,4163400.2,3824416.85,0.66392523,0.5383553,0.78683275
CDA Lugano,2025-04-04,RSV-N,3485433.5,3485433.5,0.6570467,0.5239797,0.77910906
CDA Lugano,2025-04-05,RSV-N,3127002,3485433.5,0.6509956,0.51744443,0.77405435
CDA Lugano,2025-04-06,RSV-N,4656304.5,3485433.5,0.6457747,0.5049901,0.7702432
CDA Lugano,2025-04-07,RSV-N,476893.2,3306217.75,0.64138216,0.49669436,0.7656093
CDA Lugano,2025-04-08,RSV-N,NA,3275230.6,0.6378117,0.491891,0.76385874
CDA Lugano,2025-04-09,RSV-N,NA,3382582.6,0.6350532,0.48682112,0.7605682
CDA Lugano,2025-04-10,RSV-N,NA,3382582.6,0.6330926,0.48531654,0.75929034
CDA Lugano,2025-04-11,RSV-N,3423459.2,3423459.2,0.6319116,0.48725358,0.7582826
CDA Lugano,2025-04-12,RSV-N,3341706,3382582.6,0.63148767,0.4845904,0.76076186
CDA Lugano,2025-04-13,RSV-N,6831503,3382582.6,0.63179356,0.4847776,0.7623525
CDA Lugano,2025-04-14,RSV-N,NA,3382582.6,0.6327976,0.48637983,0.766215
CDA Lugano,2025-04-15,RSV-N,1763650.2,3457534.6,0.634466,0.4887616,0.76740235
CDA Lugano,2025-04-16,RSV-N,NA,3576182.1,0.6367638,0.48851126,0.7699165
CDA Lugano,2025-04-17,RSV-N,NA,2668506.7,0.639655,0.49368203,0.77493435
CDA Lugano,2025-04-18,RSV-N,3573363.2,2668506.7,0.64310265,0.49557933,0.7801054
CDA Lugano,2025-04-19,RSV-N,3579001,3573363.2,0.647069,0.500263,0.7855699
CDA Lugano,2025-04-20,RSV-N,0,1786681.6,0.6515155,0.50343645,0.79487896
CDA Lugano,2025-04-21,RSV-N,NA,1786681.6,0.6564026,0.50863683,0.7985274
CDA Lugano,2025-04-22,RSV-N,NA,1081779,0.6616896,0.51364774,0.80465066
CDA Lugano,2025-04-23,RSV-N,0,457063.05,0.6673343,0.5222764,0.8080631
CDA Lugano,2025-04-24,RSV-N,NA,457063.05,0.67329293,0.53014195,0.8156397
CDA Lugano,2025-04-25,RSV-N,2163558,457063.05,0.6795194,0.53740525,0.8182609
CDA Lugano,2025-04-26,RSV-N,914126.1,457063.05,0.68596554,0.54274523,0.8276684
CDA Lugano,2025-04-27,RSV-N,0,914126.1,0.6925804,0.54774547,0.837448
CDA Lugano,2025-04-28,RSV-N,NA,457063.05,0.6993116,0.5511874,0.8454058
CDA Lugano,2025-04-29,RSV-N,NA,457063.05,0.7061091,0.55764407,0.8555967
CDA Lugano,2025-04-30,RSV-N,NA,248542.83,0.7129265,0.5644261,0.86949724
CDA Lugano,2025-05-01,RSV-N,0,248542.83,0.7197215,0.57154214,0.87930065
STEP Aire,2024-11-01,RSV-N,NA,2025970.95,1.4417428,1.2807895,1.614992
STEP Aire,2024-11-02,RSV-N,2329411,1821085.4,1.450857,1.2895852,1.6261655
STEP Aire,2024-11-03,RSV-N,1821085.4,1686031,1.4595171,1.296985,1.6320963
STEP Aire,2024-11-04,RSV-N,821690,1821085.4,1.467682,1.3056192,1.6471868
STEP Aire,2024-11-05,RSV-N,NA,2063076.3,1.475313,1.313598,1.6601847
STEP Aire,2024-11-06,RSV-N,1550976.6,1821085.4,1.4823747,1.3231407,1.6670395
STEP Aire,2024-11-07,RSV-N,2392283.8,1928021.9,1.4888335,1.3297232,1.675262
STEP Aire,2024-11-08,RSV-N,2305067.2,2348675.5,1.494659,1.338503,1.6813757
STEP Aire,2024-11-09,RSV-N,NA,2348675.5,1.4998231,1.3441786,1.6836874
STEP Aire,2024-11-10,RSV-N,NA,2392283.8,1.5043006,1.3477633,1.6869707
STEP Aire,2024-11-11,RSV-N,3425749,2305067.2,1.5080683,1.3489165,1.6951495
STEP Aire,2024-11-12,RSV-N,NA,2540288.25,1.511106,1.351438,1.6958897
STEP Aire,2024-11-13,RSV-N,NA,3425749,1.5133932,1.3530495,1.6998215
STEP Aire,2024-11-14,RSV-N,1654827.5,4319507.25,1.5149088,1.3526193,1.7014142
STEP Aire,2024-11-15,RSV-N,NA,5268182.5,1.5156329,1.3546933,1.7019743
STEP Aire,2024-11-16,RSV-N,5213265.5,5268182.5,1.5155438,1.3532557,1.7018112
STEP Aire,2024-11-17,RSV-N,5323099.5,5268182.5,1.514621,1.352102,1.702224
STEP Aire,2024-11-18,RSV-N,7425414,5323099.5,1.5128433,1.349188,1.6993357
STEP Aire,2024-11-19,RSV-N,NA,6374256.75,1.510189,1.3446255,1.6942573
STEP Aire,2024-11-20,RSV-N,NA,7334354.5,1.5066369,1.341435,1.683776
STEP Aire,2024-11-21,RSV-N,NA,7334354.5,1.5021652,1.336929,1.6822774
STEP Aire,2024-11-22,RSV-N,8645739,7944517,1.4967524,1.3306395,1.6776508
STEP Aire,2024-11-23,RSV-N,7243295,7243295,1.4903764,1.3243926,1.6683645
STEP Aire,2024-11-24,RSV-N,6754830.5,7243295,1.4830151,1.3176078,1.653322
STEP Aire,2024-11-25,RSV-N,9061215,7243295,1.4746463,1.3079482,1.6438212
STEP Aire,2024-11-26,RSV-N,3632807.2,6999062.75,1.4652495,1.298788,1.6350923
STEP Aire,2024-11-27,RSV-N,NA,7261255.25,1.4548105,1.2932217,1.6268963
STEP Aire,2024-11-28,RSV-N,NA,7920747.75,1.4433253,1.279063,1.6153305
STEP Aire,2024-11-29,RSV-N,NA,7920747.75,1.4307973,1.26633,1.5990708
STEP Aire,2024-11-30,RSV-N,7767680,8073815.5,1.4172399,1.2531698,1.5854093
STEP Aire,2024-12-01,RSV-N,8073815.5,8641517.25,1.4026744,1.2398847,1.566069
STEP Aire,2024-12-02,RSV-N,10362987,8641517.25,1.3871315,1.221195,1.5457468
STEP Aire,2024-12-03,RSV-N,NA,8641517.25,1.3706505,1.2059338,1.5248225
STEP Aire,2024-12-04,RSV-N,9209219,9786103,1.35328,1.1915503,1.502397
STEP Aire,2024-12-05,RSV-N,NA,13525112,1.3350772,1.1751605,1.4820395
STEP Aire,2024-12-06,RSV-N,NA,22465146.5,1.316108,1.1587166,1.4609307
STEP Aire,2024-12-07,RSV-N,28243056,22465146.5,1.2964478,1.1410158,1.4432127
STEP Aire,2024-12-08,RSV-N,16687237,28243056,1.27618,1.1225368,1.4239533
STEP Aire,2024-12-09,RSV-N,31527746,25158333,1.2553973,1.1045377,1.4054917
STEP Aire,2024-12-10,RSV-N,NA,25158333,1.2341993,1.0845398,1.3866937
STEP Aire,2024-12-11,RSV-N,NA,19380423.5,1.2126836,1.0619705,1.3693328
STEP Aire,2024-12-12,RSV-N,22073610,20606260,1.1909463,1.0415478,1.3522035
STEP Aire,2024-12-13,RSV-N,NA,19743086,1.1690795,1.0171503,1.3353132
STEP Aire,2024-12-14,RSV-N,13652202,19138910,1.1471729,0.99576235,1.3121742
STEP Aire,2024-12-15,RSV-N,19138910,16395556,1.1253132,0.97374696,1.2896333
STEP Aire,2024-12-16,RSV-N,20347262,16395556,1.1035843,0.95422906,1.2655352
STEP Aire,2024-12-17,RSV-N,8345204.5,13652202,1.0820674,0.93421715,1.2410418
STEP Aire,2024-12-18,RSV-N,7707780.5,15866076.5,1.0608408,0.917152,1.2127857
STEP Aire,2024-12-19,RSV-N,28411180,12593243,1.0399809,0.89883614,1.186339
STEP Aire,2024-12-20,RSV-N,12593243,11215530,1.0195607,0.8841408,1.1613853
STEP Aire,2024-12-21,RSV-N,NA,12593243,0.9996517,0.86902183,1.135484
STEP Aire,2024-12-22,RSV-N,NA,18989525.5,0.9803219,0.854216,1.10937
STEP Aire,2024-12-23,RSV-N,11215530,12593243,0.9616373,0.8410825,1.090124
STEP Aire,2024-12-24,RSV-N,25385808,18300669,0.94365954,0.830715,1.0733722
STEP Aire,2024-12-25,RSV-N,NA,16837278,0.9264419,0.8177906,1.059127
STEP Aire,2024-12-26,RSV-N,NA,20248518,0.9100291,0.8018147,1.0416387
STEP Aire,2024-12-27,RSV-N,NA,23659758,0.8944563,0.7830627,1.0261557
STEP Aire,2024-12-28,RSV-N,16837278,20248518,0.87974983,0.7653378,1.0104338
STEP Aire,2024-12-29,RSV-N,23659758,16837278,0.8659269,0.7470096,0.993126
STEP Aire,2024-12-30,RSV-N,NA,16837278,0.8529962,0.7300859,0.97810245
STEP Aire,2024-12-31,RSV-N,NA,16837278,0.84095794,0.7151939,0.96659005
STEP Aire,2025-01-01,RSV-N,11091663,23659758,0.8298047,0.70021915,0.9546706
STEP Aire,2025-01-02,RSV-N,NA,18110608,0.81952137,0.68981946,0.9441862
STEP Aire,2025-01-03,RSV-N,NA,23134445,0.81008554,0.6790634,0.93274045
STEP Aire,2025-01-04,RSV-N,28158282,23134445,0.8014677,0.67224795,0.92438006
STEP Aire,2025-01-05,RSV-N,18110608,28158282,0.7936315,0.6658486,0.9150766
STEP Aire,2025-01-06,RSV-N,33271138,25115752,0.78653336,0.66092944,0.9071837
STEP Aire,2025-01-07,RSV-N,NA,25115752,0.78012425,0.6560662,0.89774567
STEP Aire,2025-01-08,RSV-N,NA,20091915,0.7743562,0.65325844,0.89100015
STEP Aire,2025-01-09,RSV-N,22073222,16085330.5,0.76918393,0.6521405,0.88675576
STEP Aire,2025-01-10,RSV-N,NA,9157100.5,0.764565,0.65326846,0.88019276
STEP Aire,2025-01-11,RSV-N,10097439,9157100.5,0.76045966,0.655175,0.87396765
STEP Aire,2025-01-12,RSV-N,3386142.2,9157100.5,0.7568308,0.65602875,0.8692163
STEP Aire,2025-01-13,RSV-N,8216762,7209000.5,0.7536442,0.653678,0.86259043
STEP Aire,2025-01-14,RSV-N,NA,6726761,0.7508685,0.6550186,0.8578067
STEP Aire,2025-01-15,RSV-N,NA,6464000,0.74847525,0.65207344,0.8518793
STEP Aire,2025-01-16,RSV-N,6201239,6753871,0.74643874,0.65035945,0.8461994
STEP Aire,2025-01-17,RSV-N,6726761,6753871,0.7447361,0.6482306,0.8405793
STEP Aire,2025-01-18,RSV-N,NA,6726761,0.7433473,0.646422,0.8393097
STEP Aire,2025-01-19,RSV-N,6780981,6726761,0.7422548,0.6466457,0.83897305
STEP Aire,2025-01-20,RSV-N,7498683,6753871,0.74144375,0.64723,0.8380806
STEP Aire,2025-01-21,RSV-N,6652977,6780981,0.7409017,0.64700884,0.8379476
STEP Aire,2025-01-22,RSV-N,NA,7139832,0.740619,0.6466881,0.837161
STEP Aire,2025-01-23,RSV-N,NA,7657790.25,0.74058914,0.6480227,0.83646995
STEP Aire,2025-01-24,RSV-N,NA,11703749.25,0.74080867,0.64759326,0.8349892
STEP Aire,2025-01-25,RSV-N,7816897.5,15590601,0.7412772,0.6473095,0.83603656
STEP Aire,2025-01-26,RSV-N,15590601,13800367.5,0.74199796,0.64966804,0.8377589
STEP Aire,2025-01-27,RSV-N,16483196,13800367.5,0.74297714,0.6501389,0.8379415
STEP Aire,2025-01-28,RSV-N,NA,13800367.5,0.7442246,0.6492789,0.84075594
STEP Aire,2025-01-29,RSV-N,12010134,13800367.5,0.7457535,0.6511212,0.84373164
STEP Aire,2025-01-30,RSV-N,NA,8348827.25,0.7475803,0.651306,0.8479244
STEP Aire,2025-01-31,RSV-N,NA,5465086.5,0.7497246,0.6505988,0.8512841
STEP Aire,2025-02-01,RSV-N,4687520.5,4687520.5,0.7522095,0.65042925,0.85384643
STEP Aire,2025-02-02,RSV-N,2909133.2,2909133.2,0.75506073,0.6531514,0.8596521
STEP Aire,2025-02-03,RSV-N,6242652.5,3705024.1,0.7583074,0.6531515,0.8655378
STEP Aire,2025-02-04,RSV-N,1901130.8,3705024.1,0.7619795,0.6541308,0.87014395
STEP Aire,2025-02-05,RSV-N,2079450.5,2909133.2,0.76610076,0.65549916,0.87879753
STEP Aire,2025-02-06,RSV-N,4500915,3290182.75,0.77068675,0.6596884,0.8854634
STEP Aire,2025-02-07,RSV-N,NA,3290182.75,0.77574503,0.6614413,0.8903559
STEP Aire,2025-02-08,RSV-N,NA,4874252,0.78127533,0.6666429,0.89729017
STEP Aire,2025-02-09,RSV-N,NA,4874252,0.7872695,0.6723913,0.9029397
STEP Aire,2025-02-10,RSV-N,6908755.5,5104743.25,0.7937115,0.68289644,0.9098949
STEP Aire,2025-02-11,RSV-N,5247589,5104743.25,0.8005772,0.6926617,0.9154981
STEP Aire,2025-02-12,RSV-N,1891037.1,5104743.25,0.8078345,0.6994392,0.9202847
STEP Aire,2025-02-13,RSV-N,4961897.5,5104743.25,0.8154426,0.7114386,0.92673004
STEP Aire,2025-02-14,RSV-N,NA,5104743.25,0.8233525,0.7202346,0.9305706
STEP Aire,2025-02-15,RSV-N,NA,3595643.35,0.831506,0.7244429,0.9375068
STEP Aire,2025-02-16,RSV-N,NA,3595643.35,0.83983624,0.7354992,0.94620305
STEP Aire,2025-02-17,RSV-N,5762177,2158745.6,0.84826696,0.7429176,0.9549018
STEP Aire,2025-02-18,RSV-N,2229389.2,2229389.2,0.85671514,0.75048757,0.96355367
STEP Aire,2025-02-19,RSV-N,2088102,2229389.2,0.8650989,0.7602714,0.9723344
STEP Aire,2025-02-20,RSV-N,405709.44,2229389.2,0.87334025,0.76663685,0.9833532
STEP Aire,2025-02-21,RSV-N,3025617,2158745.6,0.88136506,0.7715018,0.99380785
STEP Aire,2025-02-22,RSV-N,NA,2088102,0.8891034,0.77679145,1.002988
STEP Aire,2025-02-23,RSV-N,NA,2495600,0.8964894,0.7828062,1.0145818
STEP Aire,2025-02-24,RSV-N,NA,2495600,0.9034616,0.789024,1.0284867
STEP Aire,2025-02-25,RSV-N,NA,2495600,0.90996295,0.7937153,1.0420643
STEP Aire,2025-02-26,RSV-N,2495600,2495600,0.91594064,0.7991351,1.0498568
STEP Aire,2025-02-27,RSV-N,1209105.2,2495600,0.92134637,0.8037142,1.0571113
STEP Aire,2025-02-28,RSV-N,4235983.5,2203196.2,0.926136,0.8074199,1.0628935
STEP Aire,2025-03-01,RSV-N,NA,2203196.2,0.93026996,0.81028175,1.0658842
STEP Aire,2025-03-02,RSV-N,NA,1910792.4,0.93371284,0.8125036,1.0742137
STEP Aire,2025-03-03,RSV-N,1910792.4,1910792.4,0.93643355,0.8148679,1.0786117
STEP Aire,2025-03-04,RSV-N,NA,1459231.85,0.93840575,0.81463015,1.0829892
STEP Aire,2025-03-05,RSV-N,NA,1910792.4,0.9396104,0.81634045,1.0848943
STEP Aire,2025-03-06,RSV-N,1007671.3,1522202.75,0.9400359,0.81618327,1.0869257
STEP Aire,2025-03-07,RSV-N,NA,1660183.8,0.939679,0.81566495,1.0858393
STEP Aire,2025-03-08,RSV-N,2186754.5,1660183.8,0.93854403,0.81712025,1.0874147
STEP Aire,2025-03-09,RSV-N,1133613.1,1660183.8,0.9366433,0.81408983,1.0842882
STEP Aire,2025-03-10,RSV-N,3185076,2186754.5,0.93399715,0.81379074,1.0833656
STEP Aire,2025-03-11,RSV-N,NA,2176906.85,0.9306339,0.81215125,1.0758235
STEP Aire,2025-03-12,RSV-N,NA,2676067.6,0.92658997,0.81007427,1.0683105
STEP Aire,2025-03-13,RSV-N,NA,3816669.25,0.92190945,0.80466455,1.0606393
STEP Aire,2025-03-14,RSV-N,2167059.2,4633751.75,0.91664445,0.80280507,1.054825
STEP Aire,2025-03-15,RSV-N,5737634,4448262.5,0.9108549,0.79903394,1.0515193
STEP Aire,2025-03-16,RSV-N,4448262.5,4448262.5,0.90460837,0.7949882,1.0448965
STEP Aire,2025-03-17,RSV-N,4819241,4448262.5,0.8979799,0.7895898,1.0383605
STEP Aire,2025-03-18,RSV-N,895157.7,4633751.75,0.89104956,0.7826072,1.0296103
STEP Aire,2025-03-19,RSV-N,NA,2725719.7,0.88389385,0.775268,1.021454
STEP Aire,2025-03-20,RSV-N,NA,1982051.7,0.87658405,0.76771176,1.0155632
STEP Aire,2025-03-21,RSV-N,NA,1982051.7,0.8691853,0.75705785,1.0083812
STEP Aire,2025-03-22,RSV-N,1003176.9,2960926.5,0.8617575,0.7473989,0.99758863
STEP Aire,2025-03-23,RSV-N,2960926.5,2395750.5,0.8543551,0.7362262,0.9885927
STEP Aire,2025-03-24,RSV-N,3441667.5,2395750.5,0.8470271,0.72413594,0.9795223
STEP Aire,2025-03-25,RSV-N,NA,2715604,0.8398175,0.713622,0.9696461
STEP Aire,2025-03-26,RSV-N,1830574.5,2715604,0.83276516,0.70183665,0.9573069
STEP Aire,2025-03-27,RSV-N,NA,2179396.8,0.82590395,0.69689476,0.95112705
STEP Aire,2025-03-28,RSV-N,2715604,2004985.65,0.81926286,0.6893906,0.94333625
STEP Aire,2025-03-29,RSV-N,927580.3,2004985.65,0.81286585,0.682811,0.9362717
STEP Aire,2025-03-30,RSV-N,2179396.8,2179396.8,0.80673194,0.6777064,0.9299068
STEP Aire,2025-03-31,RSV-N,NA,1553488.55,0.80087477,0.67231464,0.92578197
STEP Aire,2025-04-01,RSV-N,NA,927580.3,0.7953037,0.6658888,0.91983956
STEP Aire,2025-04-02,RSV-N,NA,2036232.4,0.7900261,0.66137195,0.9173919
STEP Aire,2025-04-03,RSV-N,0,1321774.9,0.7850486,0.65636593,0.91578215
STEP Aire,2025-04-04,RSV-N,NA,1102472.5,0.78037685,0.65171224,0.90965694
STEP Aire,2025-04-05,RSV-N,2036232.4,1102472.5,0.7760159,0.64397126,0.9032836
STEP Aire,2025-04-06,RSV-N,1321774.9,1102472.5,0.77197003,0.6412972,0.9042759
STEP Aire,2025-04-07,RSV-N,883170.1,1321774.9,0.768243,0.6363122,0.9002626
STEP Aire,2025-04-08,RSV-N,NA,1258710.75,0.7648384,0.63281673,0.9005598
STEP Aire,2025-04-09,RSV-N,NA,1039408.35,0.7617591,0.6302703,0.8980417
STEP Aire,2025-04-10,RSV-N,NA,799531.27,0.7590079,0.62820935,0.8944375
STEP Aire,2025-04-11,RSV-N,1195646.6,955769.52,0.756587,0.62505895,0.8891474
STEP Aire,2025-04-12,RSV-N,715892.44,1195646.6,0.75449824,0.62111,0.888401
STEP Aire,2025-04-13,RSV-N,0,1449106.85,0.75274277,0.618658,0.886755
STEP Aire,2025-04-14,RSV-N,1858086.8,1702567.1,0.75132096,0.61835045,0.8837816
STEP Aire,2025-04-15,RSV-N,1702567.1,1780326.95,0.7502323,0.61604804,0.882912
STEP Aire,2025-04-16,RSV-N,3748033,1858086.8,0.7494746,0.61451226,0.88355523
STEP Aire,2025-04-17,RSV-N,2356064.8,2107075.8,0.74904424,0.61278,0.8843214
STEP Aire,2025-04-18,RSV-N,NA,2356064.8,0.74893624,0.6104495,0.88473266
STEP Aire,2025-04-19,RSV-N,NA,3052048.9,0.74914443,0.60866994,0.88312316
STEP Aire,2025-04-20,RSV-N,NA,1412535.9,0.74966156,0.6094165,0.88481367
STEP Aire,2025-04-21,RSV-N,NA,469007,0.7504794,0.6108762,0.8870072
STEP Aire,2025-04-22,RSV-N,NA,469007,0.7515887,0.6119347,0.8889519
STEP Aire,2025-04-23,RSV-N,469007,764224.4,0.7529793,0.61134,0.89215785
STEP Aire,2025-04-24,RSV-N,NA,469007,0.7546396,0.6122721,0.89236325
STEP Aire,2025-04-25,RSV-N,NA,427672.56,0.75655717,0.61706245,0.89310145
STEP Aire,2025-04-26,RSV-N,1059441.8,427672.56,0.7587177,0.6181142,0.89683443
STEP Aire,2025-04-27,RSV-N,0,386338.12,0.7611055,0.61816585,0.89865065
STEP Aire,2025-04-28,RSV-N,386338.12,193169.06,0.7637028,0.6215538,0.90292454
STEP Aire,2025-04-29,RSV-N,NA,193169.06,0.7664907,0.62050265,0.90981126
STEP Aire,2025-04-30,RSV-N,NA,0,0.76945007,0.62237024,0.91533107
STEP Aire,2025-05-01,RSV-N,0,193169.06,0.7725627,0.6235732,0.9213184
