,sample_id,date,location,subtype,genome_region,nuc_diversity,covered_part,mean_pos_coverage,richness
0,H2_16_2024_11_06,2024_11_06,16,RSV-B,G,,0.0,0.0,
1,H2_16_2024_11_06,2024_11_06,16,RSV-B,F,,0.0,0.0,
2,H2_16_2024_11_06,2024_11_06,16,RSV-B,genome,1.3567117190948381e-05,0.025489423203258442,5.630731835501249,7.731958762886598
3,A3_16_2024_11_07,2024_11_07,16,RSV-B,G,,0.0,0.0,
4,A3_16_2024_11_07,2024_11_07,16,RSV-B,F,,0.0,0.0,
5,A3_16_2024_11_07,2024_11_07,16,RSV-B,genome,0.00014478322456469762,0.025160951254762844,278.00170805413217,10.443864229765014
6,B3_16_2024_11_08,2024_11_08,16,RSV-B,G,,0.0,0.0,
7,B3_16_2024_11_08,2024_11_08,16,RSV-B,F,,0.0,0.0,
8,B3_16_2024_11_08,2024_11_08,16,RSV-B,genome,,0.0,0.0,
9,A1_05_2024_11_13,2024_11_13,05,RSV-B,G,,0.0,0.0,
10,A1_05_2024_11_13,2024_11_13,05,RSV-B,F,,0.0,0.0,
11,A1_05_2024_11_13,2024_11_13,05,RSV-B,genome,,0.0,0.0,
12,H2_16_2024_11_14,2024_11_14,16,RSV-B,G,0.0016252005724326805,0.6806002143622722,266.2604501607717,25.196850393700785
13,H2_16_2024_11_14,2024_11_14,16,RSV-B,F,,0.0,0.0,
14,H2_16_2024_11_14,2024_11_14,16,RSV-B,genome,0.0032055845520282665,0.19294442254631455,401.05551175929577,17.364657814096017
15,B1_05_2024_11_16,2024_11_16,05,RSV-B,G,,0.0,0.0,
16,B1_05_2024_11_16,2024_11_16,05,RSV-B,F,,0.0,0.0,
17,B1_05_2024_11_16,2024_11_16,05,RSV-B,genome,,0.0,0.0,
18,A3_16_2024_11_17,2024_11_17,16,RSV-B,G,,0.0,0.0,
19,A3_16_2024_11_17,2024_11_17,16,RSV-B,F,,0.0,0.0,
20,A3_16_2024_11_17,2024_11_17,16,RSV-B,genome,,0.0,0.0,
21,C1_05_2024_11_17,2024_11_17,05,RSV-B,G,,0.0,0.0,
22,C1_05_2024_11_17,2024_11_17,05,RSV-B,F,,0.0,0.0,
23,C1_05_2024_11_17,2024_11_17,05,RSV-B,genome,,0.0,0.0,
24,B3_16_2024_11_18,2024_11_18,16,RSV-B,G,,0.0,0.0,
25,B3_16_2024_11_18,2024_11_18,16,RSV-B,F,4.056600123358762e-05,0.21043478260869566,1037.0597101449275,19.28374655647383
26,B3_16_2024_11_18,2024_11_18,16,RSV-B,genome,0.00013380295327118376,0.1687031927473394,797.7918801734332,10.12461059190031
27,A1_05_2024_11_21,2024_11_21,05,RSV-B,G,,0.0,0.0,
28,A1_05_2024_11_21,2024_11_21,05,RSV-B,F,,0.0,0.0,
29,A1_05_2024_11_21,2024_11_21,05,RSV-B,genome,,0.0,0.0,
30,B1_05_2024_11_22,2024_11_22,05,RSV-B,G,,0.0,0.15434083601286175,
31,B1_05_2024_11_22,2024_11_22,05,RSV-B,F,,0.0,0.07014492753623189,
32,B1_05_2024_11_22,2024_11_22,05,RSV-B,genome,,0.0,0.03015372487189594,
33,H2_16_2024_11_22,2024_11_22,16,RSV-B,G,0.0006479318165340529,0.5852090032154341,11688.06216505895,31.135531135531135
34,H2_16_2024_11_22,2024_11_22,16,RSV-B,F,0.0,0.07478260869565218,4559.3785507246375,0.0
35,H2_16_2024_11_22,2024_11_22,16,RSV-B,genome,0.0006283762021128313,0.36368414137432664,2989.5038759689924,10.476878612716764
36,A3_16_2024_11_23,2024_11_23,16,RSV-B,G,0.0003626317500611682,0.5852090032154341,13592.862808145766,29.304029304029303
37,A3_16_2024_11_23,2024_11_23,16,RSV-B,F,0.00021262962009675022,0.744927536231884,10629.339130434782,8.560311284046694
38,A3_16_2024_11_23,2024_11_23,16,RSV-B,genome,0.0009468559388181356,0.25220076205492054,3579.991919590067,13.024225058609012
39,C1_05_2024_11_24,2024_11_24,05,RSV-B,G,,0.0,0.0,
40,C1_05_2024_11_24,2024_11_24,05,RSV-B,F,,0.0,0.0,
41,C1_05_2024_11_24,2024_11_24,05,RSV-B,genome,,0.0,0.0,
42,B2_25_2024_11_25,2024_11_25,25,RSV-B,G,,0.0,0.0,
43,B2_25_2024_11_25,2024_11_25,25,RSV-B,F,,0.0,0.0,
44,B2_25_2024_11_25,2024_11_25,25,RSV-B,genome,,0.0,0.0,
45,B3_16_2024_11_25,2024_11_25,16,RSV-B,G,0.006328489954387697,0.6034297963558414,12477.586280814576,30.19538188277087
46,B3_16_2024_11_25,2024_11_25,16,RSV-B,F,0.00044389175994186857,0.7286956521739131,7119.55768115942,8.750994431185362
47,B3_16_2024_11_25,2024_11_25,16,RSV-B,genome,0.0010636847147270582,0.5022993036394692,3181.916108264354,11.901647920481297
48,G1_17_2024_11_25,2024_11_25,17,RSV-B,G,,0.0,0.0,
49,G1_17_2024_11_25,2024_11_25,17,RSV-B,F,,0.0,0.0,
50,G1_17_2024_11_25,2024_11_25,17,RSV-B,genome,,0.0,0.0,
51,E2_15_2024_11_27,2024_11_27,15,RSV-B,G,,0.0,0.0,
52,E2_15_2024_11_27,2024_11_27,15,RSV-B,F,,0.0,0.0,
53,E2_15_2024_11_27,2024_11_27,15,RSV-B,genome,,0.0,0.0,
54,C2_25_2024_11_29,2024_11_29,25,RSV-B,G,,0.0,0.0,
55,C2_25_2024_11_29,2024_11_29,25,RSV-B,F,,0.0,0.0,
56,C2_25_2024_11_29,2024_11_29,25,RSV-B,genome,,0.0,0.0,
57,F2_15_2024_11_29,2024_11_29,15,RSV-B,G,,0.0,0.0,
58,F2_15_2024_11_29,2024_11_29,15,RSV-B,F,,0.0,0.0,
59,F2_15_2024_11_29,2024_11_29,15,RSV-B,genome,,0.0,0.0,
60,H1_17_2024_11_29,2024_11_29,17,RSV-B,G,,0.0,0.0,
61,H1_17_2024_11_29,2024_11_29,17,RSV-B,F,,0.0,0.0,
62,H1_17_2024_11_29,2024_11_29,17,RSV-B,genome,,0.0,0.0,
63,A2_17_2024_11_30,2024_11_30,17,RSV-B,G,,0.0,0.0,
64,A2_17_2024_11_30,2024_11_30,17,RSV-B,F,,0.0,0.0,
65,A2_17_2024_11_30,2024_11_30,17,RSV-B,genome,,0.0,0.0,
66,D2_25_2024_11_30,2024_11_30,25,RSV-B,G,,0.0,0.0,
67,D2_25_2024_11_30,2024_11_30,25,RSV-B,F,,0.0,0.0,
68,D2_25_2024_11_30,2024_11_30,25,RSV-B,genome,,0.0,0.0,
69,G2_15_2024_12_01,2024_12_01,15,RSV-B,G,,0.0,0.0,
70,G2_15_2024_12_01,2024_12_01,15,RSV-B,F,,0.0,0.0,
71,G2_15_2024_12_01,2024_12_01,15,RSV-B,genome,,0.0,0.0,
72,A1_05_2024_12_03,2024_12_03,05,RSV-B,G,,0.0,0.02679528403001072,
73,A1_05_2024_12_03,2024_12_03,05,RSV-B,F,,0.0,0.06144927536231884,
74,A1_05_2024_12_03,2024_12_03,05,RSV-B,genome,0.0002092681780507391,0.09400867165944028,111.81848640126134,11.87980433263452
75,B2_25_2024_12_03,2024_12_03,25,RSV-B,G,,0.0,0.02679528403001072,
76,B2_25_2024_12_03,2024_12_03,25,RSV-B,F,,0.0,0.06144927536231884,
77,B2_25_2024_12_03,2024_12_03,25,RSV-B,genome,,0.0,0.028708448298515307,
78,D1_10_2024_12_03,2024_12_03,10,RSV-B,G,,0.0,0.2304394426580922,
79,D1_10_2024_12_03,2024_12_03,10,RSV-B,F,,0.0,0.32521739130434785,
80,D1_10_2024_12_03,2024_12_03,10,RSV-B,genome,0.0008574153127733591,0.05281828931809224,89.63289975036132,11.194029850746269
81,G1_17_2024_12_03,2024_12_03,17,RSV-B,G,,0.0,0.30010718113612006,
82,G1_17_2024_12_03,2024_12_03,17,RSV-B,F,,0.0,0.27768115942028987,
83,G1_17_2024_12_03,2024_12_03,17,RSV-B,genome,,0.0,0.09078964656418342,
84,H2_16_2024_12_04,2024_12_04,16,RSV-B,G,0.0,0.1607717041800643,6.244372990353698,6.666666666666667
85,H2_16_2024_12_04,2024_12_04,16,RSV-B,F,0.0003602107511352431,0.7217391304347827,728.7084057971015,11.244979919678716
86,H2_16_2024_12_04,2024_12_04,16,RSV-B,genome,0.0005887082175680252,0.4503350413874655,708.2324924451452,11.086797957695113
87,E2_15_2024_12_05,2024_12_05,15,RSV-B,G,,0.0,0.0,
88,E2_15_2024_12_05,2024_12_05,15,RSV-B,F,,0.0,0.0,
89,E2_15_2024_12_05,2024_12_05,15,RSV-B,genome,,0.0,0.01504401524109841,
90,B1_05_2024_12_07,2024_12_07,05,RSV-B,G,0.0,0.1607717041800643,10.559485530546624,6.666666666666667
91,B1_05_2024_12_07,2024_12_07,05,RSV-B,F,,0.0,0.06144927536231884,
92,B1_05_2024_12_07,2024_12_07,05,RSV-B,genome,0.00020753229301831896,0.12613322822230982,126.68749178820129,16.145833333333336
93,C2_25_2024_12_07,2024_12_07,25,RSV-B,G,,0.0,0.0,
94,C2_25_2024_12_07,2024_12_07,25,RSV-B,F,,0.0,0.0,
95,C2_25_2024_12_07,2024_12_07,25,RSV-B,genome,,0.0,0.0,
96,E1_10_2024_12_07,2024_12_07,10,RSV-B,G,0.0003917942520774884,0.4512325830653805,233.61093247588425,21.377672209026127
97,E1_10_2024_12_07,2024_12_07,10,RSV-B,F,,0.0,0.02434782608695652,
98,E1_10_2024_12_07,2024_12_07,10,RSV-B,genome,0.00032424282640111223,0.20194455393509395,444.56621994481674,12.36174365647365
99,H1_17_2024_12_07,2024_12_07,17,RSV-B,G,,0.0,0.17684887459807075,
100,H1_17_2024_12_07,2024_12_07,17,RSV-B,F,0.0002851176921168474,0.21043478260869566,983.3640579710145,19.28374655647383
101,H1_17_2024_12_07,2024_12_07,17,RSV-B,genome,0.00023707046186361355,0.14892918144790435,198.0517014846932,11.910013233348037
102,A2_17_2024_12_08,2024_12_08,17,RSV-B,G,,0.0,0.0,
103,A2_17_2024_12_08,2024_12_08,17,RSV-B,F,,0.0,0.0,
104,A2_17_2024_12_08,2024_12_08,17,RSV-B,genome,,0.0,0.0,
105,A3_16_2024_12_08,2024_12_08,16,RSV-B,G,0.0002618823900297931,0.4983922829581994,5988.158628081457,21.505376344086024
106,A3_16_2024_12_08,2024_12_08,16,RSV-B,F,0.0004198188682374583,0.8353623188405798,2928.0666666666666,12.491325468424705
107,A3_16_2024_12_08,2024_12_08,16,RSV-B,genome,0.0005361281422976951,0.3900275916436736,1325.2123899618973,13.474818932120598
108,C1_05_2024_12_08,2024_12_08,05,RSV-B,G,,0.0,0.30010718113612006,
109,C1_05_2024_12_08,2024_12_08,05,RSV-B,F,,0.0,0.016231884057971015,
110,C1_05_2024_12_08,2024_12_08,05,RSV-B,genome,5.293615035012626e-05,0.029431086585205622,13.724214952043095,8.928571428571429
111,D2_25_2024_12_08,2024_12_08,25,RSV-B,G,,0.0,0.0,
112,D2_25_2024_12_08,2024_12_08,25,RSV-B,F,,0.0,0.0,
113,D2_25_2024_12_08,2024_12_08,25,RSV-B,genome,,0.0,0.0,
114,F1_10_2024_12_08,2024_12_08,10,RSV-B,G,0.0038805809283126358,0.8863879957127545,6410.387995712755,32.648125755743656
115,F1_10_2024_12_08,2024_12_08,10,RSV-B,F,0.0004013541780332413,0.7269565217391304,3132.0788405797102,10.36682615629984
116,F1_10_2024_12_08,2024_12_08,10,RSV-B,genome,0.0015243589151535235,0.6179214295099199,2523.0191827617923,15.203061875398681
117,F2_15_2024_12_08,2024_12_08,15,RSV-B,G,,0.0,0.0,
118,F2_15_2024_12_08,2024_12_08,15,RSV-B,F,,0.0,0.0,
119,F2_15_2024_12_08,2024_12_08,15,RSV-B,genome,,0.0,0.0,
120,B3_16_2024_12_09,2024_12_09,16,RSV-B,G,0.0023963958021237376,0.977491961414791,7808.519828510182,31.79824561403509
121,B3_16_2024_12_09,2024_12_09,16,RSV-B,F,0.001797117445355718,0.8973913043478261,10220.496231884057,14.857881136950903
122,B3_16_2024_12_09,2024_12_09,16,RSV-B,genome,0.0019191381185845106,0.8504795690448036,3993.1277098935752,15.603275142901282
123,G2_15_2024_12_09,2024_12_09,15,RSV-B,G,,0.0,0.15005359056806003,
124,G2_15_2024_12_09,2024_12_09,15,RSV-B,F,,0.0,0.008115942028985508,
125,G2_15_2024_12_09,2024_12_09,15,RSV-B,genome,0.0017247591843782286,0.14860070949940876,466.09249770069636,15.473032714412026
126,E2_15_2024_12_10,2024_12_10,15,RSV-B,G,,0.0,0.0,
127,E2_15_2024_12_10,2024_12_10,15,RSV-B,F,,0.0,0.0,
128,E2_15_2024_12_10,2024_12_10,15,RSV-B,genome,,0.0,0.0,
129,A1_05_2024_12_11,2024_12_11,05,RSV-B,G,0.0,0.3461950696677385,27.706323687031084,15.479876160990711
130,A1_05_2024_12_11,2024_12_11,05,RSV-B,F,,0.0,0.0,
131,A1_05_2024_12_11,2024_12_11,05,RSV-B,genome,0.0,0.02121928787281566,1.6981999737222442,15.479876160990711
132,B2_25_2024_12_11,2024_12_11,25,RSV-B,G,,0.0,0.15005359056806003,
133,B2_25_2024_12_11,2024_12_11,25,RSV-B,F,,0.0,0.008115942028985508,
134,B2_25_2024_12_11,2024_12_11,25,RSV-B,genome,,0.0,0.016489291814479043,
135,D1_10_2024_12_11,2024_12_11,10,RSV-B,G,0.00039507754018971633,0.4512325830653805,128.7031082529475,19.002375296912113
136,D1_10_2024_12_11,2024_12_11,10,RSV-B,F,0.0,0.06086956521739131,0.7901449275362319,0.0
137,D1_10_2024_12_11,2024_12_11,10,RSV-B,genome,0.0017088810732191363,0.1040599132834056,316.4044146629878,15.782828282828284
138,G1_17_2024_12_11,2024_12_11,17,RSV-B,G,,0.0,1.0514469453376205,
139,G1_17_2024_12_11,2024_12_11,17,RSV-B,F,,0.0,0.9171014492753623,
140,G1_17_2024_12_11,2024_12_11,17,RSV-B,genome,,0.0,0.28058073840494024,
141,H2_16_2024_12_12,2024_12_12,16,RSV-B,G,0.007564108580570001,0.7566988210075026,6295.6452304394425,36.827195467422094
142,H2_16_2024_12_12,2024_12_12,16,RSV-B,F,0.0017311494720629124,0.9802898550724638,5886.615652173913,10.644589000591367
143,H2_16_2024_12_12,2024_12_12,16,RSV-B,genome,0.002605556763743474,0.6855866509000131,3408.559781894626,15.235722499041778
144,B1_05_2024_12_13,2024_12_13,05,RSV-B,G,0.0005334077040421303,0.6162915326902465,7296.673097534834,31.30434782608696
145,B1_05_2024_12_13,2024_12_13,05,RSV-B,F,0.0007311869269553461,0.807536231884058,7364.022028985507,12.921751615218952
146,B1_05_2024_12_13,2024_12_13,05,RSV-B,genome,0.0005796160644772373,0.3117855735120221,2049.8117198791224,16.224188790560472
147,C2_25_2024_12_13,2024_12_13,25,RSV-B,G,,0.0,0.0,
148,C2_25_2024_12_13,2024_12_13,25,RSV-B,F,,0.0,0.0,
149,C2_25_2024_12_13,2024_12_13,25,RSV-B,genome,,0.0,0.0,
150,E1_10_2024_12_13,2024_12_13,10,RSV-B,G,,0.0,0.02679528403001072,
151,E1_10_2024_12_13,2024_12_13,10,RSV-B,F,,0.0,0.06144927536231884,
152,E1_10_2024_12_13,2024_12_13,10,RSV-B,genome,0.002039520869284964,0.20036788858231508,75.12954933648666,11.475409836065573
153,F2_15_2024_12_13,2024_12_13,15,RSV-B,G,,0.0,0.0,
154,F2_15_2024_12_13,2024_12_13,15,RSV-B,F,,0.0,0.0,
155,F2_15_2024_12_13,2024_12_13,15,RSV-B,genome,,0.0,0.0,
156,H1_17_2024_12_13,2024_12_13,17,RSV-B,G,,0.0,0.8338692390139335,
157,H1_17_2024_12_13,2024_12_13,17,RSV-B,F,,0.0,0.5147826086956522,
158,H1_17_2024_12_13,2024_12_13,17,RSV-B,genome,,0.0,0.1660754171593746,
159,A3_16_2024_12_14,2024_12_14,16,RSV-B,G,0.00285747612741791,0.6195069667738478,197.7277599142551,19.031141868512112
160,A3_16_2024_12_14,2024_12_14,16,RSV-B,F,,0.0,0.2539130434782609,
161,A3_16_2024_12_14,2024_12_14,16,RSV-B,genome,0.0018457655050791628,0.6566154250427013,306.15418473262383,12.706353176588294
162,A2_17_2024_12_15,2024_12_15,17,RSV-B,G,,0.0,0.05359056806002144,
163,A2_17_2024_12_15,2024_12_15,17,RSV-B,F,0.0,0.21159420289855072,9.569855072463769,5.47945205479452
164,A2_17_2024_12_15,2024_12_15,17,RSV-B,genome,6.091700685612571e-05,0.41709368019971094,1260.8144790434897,6.300204756654591
165,C1_05_2024_12_15,2024_12_15,05,RSV-B,G,0.004823506267077271,0.8896034297963559,1650.0332261521971,28.91566265060241
166,C1_05_2024_12_15,2024_12_15,05,RSV-B,F,0.0006035763769346838,0.8910144927536232,1712.8660869565217,7.807417046193884
167,C1_05_2024_12_15,2024_12_15,05,RSV-B,genome,0.0006762987568603768,0.555446064906057,1477.8362895808698,10.408042578356003
168,D2_25_2024_12_15,2024_12_15,25,RSV-B,G,,0.0,0.05359056806002144,
169,D2_25_2024_12_15,2024_12_15,25,RSV-B,F,,0.0,0.12289855072463768,
170,D2_25_2024_12_15,2024_12_15,25,RSV-B,genome,,0.0,0.029956641702798582,
171,F1_10_2024_12_15,2024_12_15,10,RSV-B,G,0.0,0.02679528403001072,0.887459807073955,0.0
172,F1_10_2024_12_15,2024_12_15,10,RSV-B,F,0.0,0.008115942028985508,0.6997101449275362,0.0
173,F1_10_2024_12_15,2024_12_15,10,RSV-B,genome,0.001089068521443171,0.08093548810931546,42.10747602154776,8.928571428571429
174,B3_16_2024_12_16,2024_12_16,16,RSV-B,G,0.013160809209644334,1.0,32581.729903536976,51.446945337620576
175,B3_16_2024_12_16,2024_12_16,16,RSV-B,F,0.0035290121199420626,1.0,21539.744347826087,17.971014492753625
176,B3_16_2024_12_16,2024_12_16,16,RSV-B,genome,0.004261334302701232,0.9130206280383655,8928.994153199317,19.571161318175278
177,G2_15_2024_12_16,2024_12_16,15,RSV-B,G,,0.0,0.0,
178,G2_15_2024_12_16,2024_12_16,15,RSV-B,F,,0.0,0.0,
179,G2_15_2024_12_16,2024_12_16,15,RSV-B,genome,,0.0,0.0,
180,G4_16_2024_12_18,2024_12_18,16,RSV-B,G,0.0019608303417252225,0.15005359056806003,12.878885316184352,57.14285714285714
181,G4_16_2024_12_18,2024_12_18,16,RSV-B,F,0.0,0.06144927536231884,5.754202898550725,0.0
182,G4_16_2024_12_18,2024_12_18,16,RSV-B,genome,0.0005033902172998079,0.04296413086322428,2.6951123374063854,18.34862385321101
183,A4_17_2024_12_19,2024_12_19,17,RSV-B,G,,0.0,0.04930332261521972,
184,A4_17_2024_12_19,2024_12_19,17,RSV-B,F,,0.0,0.2544927536231884,
185,A4_17_2024_12_19,2024_12_19,17,RSV-B,genome,,0.0,0.17954276704769412,
186,C3_05_2024_12_19,2024_12_19,05,RSV-B,G,0.033333334090217694,0.015005359056806002,0.8660235798499464,71.42857142857143
187,C3_05_2024_12_19,2024_12_19,05,RSV-B,F,0.0,0.0017391304347826088,0.5802898550724638,0.0
188,C3_05_2024_12_19,2024_12_19,05,RSV-B,genome,0.007602340017842943,0.007489160425699646,0.40605702273025884,26.31578947368421
189,D4_25_2024_12_19,2024_12_19,25,RSV-B,G,,0.0,0.0,
190,D4_25_2024_12_19,2024_12_19,25,RSV-B,F,,0.0,0.0,
191,D4_25_2024_12_19,2024_12_19,25,RSV-B,genome,,0.0,0.01504401524109841,
192,F3_10_2024_12_19,2024_12_19,10,RSV-B,G,0.0017580613804105598,0.864951768488746,1248.326902465166,23.543990086741015
193,F3_10_2024_12_19,2024_12_19,10,RSV-B,F,,0.0,0.18434782608695652,
194,F3_10_2024_12_19,2024_12_19,10,RSV-B,genome,0.000926921234636518,0.3458152673761661,1172.711601629221,13.10790273556231
195,H4_16_2024_12_19,2024_12_19,16,RSV-B,G,0.0060635857856684485,0.6195069667738478,2093.229367631297,31.141868512110726
196,H4_16_2024_12_19,2024_12_19,16,RSV-B,F,0.001788342243401895,0.7478260869565218,2206.4620289855075,12.4031007751938
197,H4_16_2024_12_19,2024_12_19,16,RSV-B,genome,0.002464597060544639,0.5727893837866246,1771.8761660754171,14.565890583782545
198,A5_16_2024_12_20,2024_12_20,16,RSV-B,G,,0.0,0.0,
199,A5_16_2024_12_20,2024_12_20,16,RSV-B,F,,0.0,0.0,
200,A5_16_2024_12_20,2024_12_20,16,RSV-B,genome,,0.0,0.0,
201,B4_17_2024_12_20,2024_12_20,17,RSV-B,G,0.021818178350258677,0.02679528403001072,1.3536977491961415,40.0
202,B4_17_2024_12_20,2024_12_20,17,RSV-B,F,,0.0,0.5153623188405797,
203,B4_17_2024_12_20,2024_12_20,17,RSV-B,genome,0.00956937479630046,0.004992773617133097,0.3788595453948233,39.473684210526315
204,D3_05_2024_12_20,2024_12_20,05,RSV-B,G,,0.0,0.10718113612004287,
205,D3_05_2024_12_20,2024_12_20,05,RSV-B,F,,0.0,0.24521739130434783,
206,D3_05_2024_12_20,2024_12_20,05,RSV-B,genome,0.00031510603666634016,0.09952700039416634,747.1435422414926,19.14191419141914
207,E4_25_2024_12_20,2024_12_20,25,RSV-B,G,,0.0,0.012861736334405145,
208,E4_25_2024_12_20,2024_12_20,25,RSV-B,F,,0.0,0.06144927536231884,
209,E4_25_2024_12_20,2024_12_20,25,RSV-B,genome,,0.0,0.014124293785310734,
210,G3_10_2024_12_20,2024_12_20,10,RSV-B,G,,0.0,0.0,
211,G3_10_2024_12_20,2024_12_20,10,RSV-B,F,,0.0,0.0,
212,G3_10_2024_12_20,2024_12_20,10,RSV-B,genome,,0.0,0.0,
213,C4_17_2024_12_21,2024_12_21,17,RSV-B,G,,0.0,0.0,
214,C4_17_2024_12_21,2024_12_21,17,RSV-B,F,,0.0,0.0,
215,C4_17_2024_12_21,2024_12_21,17,RSV-B,genome,,0.0,0.01504401524109841,
216,E3_05_2024_12_21,2024_12_21,05,RSV-B,G,,0.0,0.0,
217,E3_05_2024_12_21,2024_12_21,05,RSV-B,F,,0.0,0.0,
218,E3_05_2024_12_21,2024_12_21,05,RSV-B,genome,,0.0,0.0,
219,F4_25_2024_12_21,2024_12_21,25,RSV-B,G,,0.0,0.0,
220,F4_25_2024_12_21,2024_12_21,25,RSV-B,F,,0.0,0.1327536231884058,
221,F4_25_2024_12_21,2024_12_21,25,RSV-B,genome,,0.0,0.01504401524109841,
222,H3_10_2024_12_21,2024_12_21,10,RSV-B,G,0.00043824698602056423,0.19185423365487675,9372.072883172561,72.62569832402235
223,H3_10_2024_12_21,2024_12_21,10,RSV-B,F,0.0,0.06144927536231884,3644.9547826086955,0.0
224,H3_10_2024_12_21,2024_12_21,10,RSV-B,genome,0.0003401785755127622,0.40303508080409933,2560.294573643411,12.387938060309697
225,B5_05_2024_12_23,2024_12_23,05,RSV-B,G,,0.0,0.0,
226,B5_05_2024_12_23,2024_12_23,05,RSV-B,F,,0.0,0.0,
227,B5_05_2024_12_23,2024_12_23,05,RSV-B,genome,,0.0,0.0,
228,C6_25_2024_12_23,2024_12_23,25,RSV-B,G,,0.0,0.07181136120042872,
229,C6_25_2024_12_23,2024_12_23,25,RSV-B,F,,0.0,0.18434782608695652,
230,C6_25_2024_12_23,2024_12_23,25,RSV-B,genome,,0.0,0.05945342267770332,
231,E5_10_2024_12_23,2024_12_23,10,RSV-B,G,0.021212125835987864,0.02679528403001072,0.8478027867095391,40.0
232,E5_10_2024_12_23,2024_12_23,10,RSV-B,F,0.0,0.008115942028985508,0.647536231884058,0.0
233,E5_10_2024_12_23,2024_12_23,10,RSV-B,genome,0.007464352478527166,0.008934436999080279,0.2569307581132571,22.058823529411764
234,H5_17_2024_12_23,2024_12_23,17,RSV-B,G,,0.0,0.3804930332261522,
235,H5_17_2024_12_23,2024_12_23,17,RSV-B,F,,0.0,0.20057971014492754,
236,H5_17_2024_12_23,2024_12_23,17,RSV-B,genome,,0.0,0.12120614899487583,
237,F6_16_2024_12_24,2024_12_24,16,RSV-B,G,0.0036312148417466136,0.8863879957127545,5091.890675241158,31.43893591293833
238,F6_16_2024_12_24,2024_12_24,16,RSV-B,F,0.00030061924806367574,0.8353623188405798,2989.817391304348,11.797362942401111
239,F6_16_2024_12_24,2024_12_24,16,RSV-B,genome,0.0010603129569601623,0.7772960189199842,1596.311785573512,11.91683569979716
240,F5_10_2024_12_27,2024_12_27,10,RSV-B,G,0.0019658176643844298,0.19185423365487675,5272.787781350482,61.452513966480446
241,F5_10_2024_12_27,2024_12_27,10,RSV-B,F,6.94275876060701e-05,0.07478260869565218,2064.8115942028985,15.503875968992247
242,F5_10_2024_12_27,2024_12_27,10,RSV-B,genome,0.0005926822593447427,0.3544869268164499,1458.137958218368,11.489992587101558
243,A6_17_2024_12_28,2024_12_28,17,RSV-B,G,0.002751420314432617,0.39442658092175775,522.5787781350482,16.304347826086957
244,A6_17_2024_12_28,2024_12_28,17,RSV-B,F,,0.0,0.26028985507246377,
245,A6_17_2024_12_28,2024_12_28,17,RSV-B,genome,0.0006759630614296854,0.12468795164892918,215.1793456838786,16.33298208640674
246,C5_05_2024_12_28,2024_12_28,05,RSV-B,G,,0.0,0.23258306538049303,
247,C5_05_2024_12_28,2024_12_28,05,RSV-B,F,,0.0,0.38608695652173913,
248,C5_05_2024_12_28,2024_12_28,05,RSV-B,genome,0.0003516373672285104,0.20260149783208514,343.3297858362896,11.024643320363165
249,D6_25_2024_12_28,2024_12_28,25,RSV-B,G,0.023376623492736316,0.023579849946409433,0.7170418006430869,45.45454545454545
250,D6_25_2024_12_28,2024_12_28,25,RSV-B,F,0.0013143475188870245,0.19246376811594204,3.350144927536232,3.0120481927710845
251,D6_25_2024_12_28,2024_12_28,25,RSV-B,genome,0.0028290769586192116,0.16548416765208251,3.872093023255814,9.924573243350537
252,G5_10_2024_12_28,2024_12_28,10,RSV-B,G,0.004048473337681327,0.8553054662379421,1404.7470525187566,28.82205513784461
253,G5_10_2024_12_28,2024_12_28,10,RSV-B,F,0.004313266837918413,0.07478260869565218,376.6846376811594,23.25581395348837
254,G5_10_2024_12_28,2024_12_28,10,RSV-B,genome,0.0021416083166880774,0.1497175141242938,217.07160688477205,15.796401930671347
255,G6_16_2024_12_28,2024_12_28,16,RSV-B,G,0.012074408847697119,0.5455519828510182,14259.137191854234,37.32809430255403
256,G6_16_2024_12_28,2024_12_28,16,RSV-B,F,0.002641137358097282,0.8515942028985507,6223.48231884058,11.572498298162015
257,G6_16_2024_12_28,2024_12_28,16,RSV-B,genome,0.0034841262085005603,0.6147680988043621,3936.8785310734465,15.92220559948707
258,B6_17_2024_12_29,2024_12_29,17,RSV-B,G,0.02517092890786947,0.15005359056806003,4.503751339764202,78.57142857142857
259,B6_17_2024_12_29,2024_12_29,17,RSV-B,F,0.0001288989020980226,0.2747826086956522,978.4382608695652,21.09704641350211
260,B6_17_2024_12_29,2024_12_29,17,RSV-B,genome,0.001984831272139904,0.1533963999474445,615.8802391275785,15.845824411134906
261,D5_05_2024_12_29,2024_12_29,05,RSV-B,G,0.0,0.02679528403001072,0.6366559485530546,0.0
262,D5_05_2024_12_29,2024_12_29,05,RSV-B,F,0.0,0.06144927536231884,0.8150724637681159,0.0
263,D5_05_2024_12_29,2024_12_29,05,RSV-B,genome,0.00029252671911611836,0.18611220601760609,317.7911575351465,8.471584892340275
264,E6_25_2024_12_29,2024_12_29,25,RSV-B,G,,0.0,0.21436227224008575,
265,E6_25_2024_12_29,2024_12_29,25,RSV-B,F,,0.0,0.19246376811594204,
266,E6_25_2024_12_29,2024_12_29,25,RSV-B,genome,,0.0,0.10497963473919328,
267,H6_16_2024_12_29,2024_12_29,16,RSV-B,G,0.0035863757149111448,0.7063236870310825,32901.96355841372,30.349013657056148
268,H6_16_2024_12_29,2024_12_29,16,RSV-B,F,0.001883252284445956,0.6075362318840579,19701.82724637681,14.31297709923664
269,H6_16_2024_12_29,2024_12_29,16,RSV-B,genome,0.0025241107959990037,0.6748127709893575,8872.833201944553,14.797507788161994
270,A1_10_2025_01_01,2025_01_01,10,RSV-B,G,0.0005508248413990764,0.5487674169346195,7452.251875669882,33.203125
271,A1_10_2025_01_01,2025_01_01,10,RSV-B,F,3.16910526224246e-05,0.49971014492753624,6066.693333333334,10.440835266821345
272,A1_10_2025_01_01,2025_01_01,10,RSV-B,genome,0.0013327546315460943,0.4887005649717514,3229.937590329786,15.72792041941121
273,A2_16_2025_01_01,2025_01_01,16,RSV-B,G,0.010113140403751346,1.0,17377.45551982851,46.08788853161844
274,A2_16_2025_01_01,2025_01_01,16,RSV-B,F,0.0011961063723407918,0.9026086956521739,10092.56695652174,11.560693641618496
275,A2_16_2025_01_01,2025_01_01,16,RSV-B,genome,0.002449411753475229,0.7600840888188148,6389.230718696624,16.33535004321521
276,C1_17_2025_01_01,2025_01_01,17,RSV-B,G,,0.0,0.0,
277,C1_17_2025_01_01,2025_01_01,17,RSV-B,F,,0.0,0.0,
278,C1_17_2025_01_01,2025_01_01,17,RSV-B,genome,,0.0,0.04434371304690579,
279,E1_25_2025_01_01,2025_01_01,25,RSV-B,G,,0.0,0.0,
280,E1_25_2025_01_01,2025_01_01,25,RSV-B,F,,0.0,0.06144927536231884,
281,E1_25_2025_01_01,2025_01_01,25,RSV-B,genome,,0.0,0.027328866114833792,
282,G1_15_2025_01_01,2025_01_01,15,RSV-B,G,,0.0,0.5755627009646302,
283,G1_15_2025_01_01,2025_01_01,15,RSV-B,F,0.0,0.005797101449275362,0.5849275362318841,0.0
284,G1_15_2025_01_01,2025_01_01,15,RSV-B,genome,0.0016918152611605575,0.03192747339377217,12.249047431349362,6.172839506172839
285,B1_10_2025_01_03,2025_01_03,10,RSV-B,G,0.0008966869141594288,0.8713826366559485,1916.1414790996785,24.600246002460025
286,B1_10_2025_01_03,2025_01_03,10,RSV-B,F,0.0,0.2678260869565217,595.712463768116,10.822510822510822
287,B1_10_2025_01_03,2025_01_03,10,RSV-B,genome,0.0003952686894751041,0.18893706477466823,437.0896728419393,17.385257301808068
288,D1_17_2025_01_03,2025_01_03,17,RSV-B,G,,0.0,0.0,
289,D1_17_2025_01_03,2025_01_03,17,RSV-B,F,,0.0,0.0,
290,D1_17_2025_01_03,2025_01_03,17,RSV-B,genome,,0.0,0.014649848902903693,
291,F1_25_2025_01_03,2025_01_03,25,RSV-B,G,,0.0,0.02679528403001072,
292,F1_25_2025_01_03,2025_01_03,25,RSV-B,F,,0.0,0.06144927536231884,
293,F1_25_2025_01_03,2025_01_03,25,RSV-B,genome,,0.0,0.10629352253317567,
294,H1_15_2025_01_03,2025_01_03,15,RSV-B,G,,0.0,0.24437299035369775,
295,H1_15_2025_01_03,2025_01_03,15,RSV-B,F,,0.0,0.0,
296,H1_15_2025_01_03,2025_01_03,15,RSV-B,genome,,0.0,0.014978320851399291,
297,B2_16_2025_01_04,2025_01_04,16,RSV-B,G,0.012850061412167485,1.0,13100.743837084674,35.36977491961415
298,B2_16_2025_01_04,2025_01_04,16,RSV-B,F,0.0007148361555564313,1.0,6294.502608695652,9.855072463768115
299,B2_16_2025_01_04,2025_01_04,16,RSV-B,genome,0.0033229548839515213,0.9021153593483117,5741.966364472474,14.418875618992134
300,C3_15_2025_01_08,2025_01_08,15,RSV-B,G,,0.0,0.0,
301,C3_15_2025_01_08,2025_01_08,15,RSV-B,F,,0.0,0.0,
302,C3_15_2025_01_08,2025_01_08,15,RSV-B,genome,,0.0,0.0,
303,A3_25_2025_01_09,2025_01_09,25,RSV-B,G,0.00014682038264295569,0.35262593783494106,6330.996784565917,21.27659574468085
304,A3_25_2025_01_09,2025_01_09,25,RSV-B,F,0.0026057385285261636,0.7298550724637681,4466.671884057971,15.091342335186656
305,A3_25_2025_01_09,2025_01_09,25,RSV-B,genome,0.0006893290010299133,0.5132045723295231,1975.5304165024306,11.648745519713263
306,C2_05_2025_01_09,2025_01_09,05,RSV-B,G,0.004672223233612263,0.46195069667738475,249.2486602357985,44.08352668213457
307,C2_05_2025_01_09,2025_01_09,05,RSV-B,F,0.001049455047575825,0.2678260869565217,19.393043478260868,4.329004329004329
308,C2_05_2025_01_09,2025_01_09,05,RSV-B,genome,0.0015777326785380425,0.37518065957167257,160.37419524372618,11.906846436701104
309,E2_10_2025_01_09,2025_01_09,10,RSV-B,G,0.002010064122805613,0.5830653804930332,427.0439442658092,20.22058823529412
310,E2_10_2025_01_09,2025_01_09,10,RSV-B,F,0.0006019656339391701,0.9292753623188406,516.0869565217391,11.852776044915784
311,E2_10_2025_01_09,2025_01_09,10,RSV-B,genome,0.0010807144599360387,0.7527920115622125,581.5024306924189,11.257526834802338
312,E3_16_2025_01_09,2025_01_09,16,RSV-B,G,0.006925340161218669,0.6463022508038585,3697.4844587352627,28.192371475953564
313,E3_16_2025_01_09,2025_01_09,16,RSV-B,F,0.000504519027941735,0.9669565217391304,8671.182028985508,10.191846522781775
314,E3_16_2025_01_09,2025_01_09,16,RSV-B,genome,0.0015010572275979718,0.8486401261332283,7701.425108395743,14.088868245858492
315,G2_17_2025_01_09,2025_01_09,17,RSV-B,G,,0.0,0.0,
316,G2_17_2025_01_09,2025_01_09,17,RSV-B,F,,0.0,0.19420289855072465,
317,G2_17_2025_01_09,2025_01_09,17,RSV-B,genome,,0.0,0.02824858757062147,
318,B3_25_2025_01_11,2025_01_11,25,RSV-B,G,0.002094935908070973,0.5852090032154341,5102.654876741693,34.7985347985348
319,B3_25_2025_01_11,2025_01_11,25,RSV-B,F,0.0001328646951200779,0.0672463768115942,1716.8202898550724,17.241379310344826
320,B3_25_2025_01_11,2025_01_11,25,RSV-B,genome,0.00042277689596273313,0.30541321771120744,1841.8523190119563,12.906001290600129
321,D2_05_2025_01_11,2025_01_11,05,RSV-B,G,0.005916325010702316,0.8553054662379421,7513.041800643086,55.13784461152882
322,D2_05_2025_01_11,2025_01_11,05,RSV-B,F,0.0009272482997494821,0.8353623188405798,4046.2272463768118,12.491325468424705
323,D2_05_2025_01_11,2025_01_11,05,RSV-B,genome,0.0013727545457211502,0.47641571409801603,2057.1495204309554,18.063982349696637
324,F2_10_2025_01_11,2025_01_11,10,RSV-B,G,0.01193830118081212,0.45444801714898175,104.2497320471597,37.73584905660377
325,F2_10_2025_01_11,2025_01_11,10,RSV-B,F,0.00035329688586452243,0.7420289855072464,38.147246376811594,6.25
326,F2_10_2025_01_11,2025_01_11,10,RSV-B,genome,0.0017597866777867865,0.7078570490080147,1686.0425042701354,11.786542923433876
327,H2_17_2025_01_11,2025_01_11,17,RSV-B,G,,0.0,0.7845659163987139,
328,H2_17_2025_01_11,2025_01_11,17,RSV-B,F,,0.0,0.40057971014492755,
329,H2_17_2025_01_11,2025_01_11,17,RSV-B,genome,0.00030336016871202197,0.2454999343056103,990.0217448429904,10.971367407010971
330,D3_15_2025_01_12,2025_01_12,15,RSV-B,G,0.0006206602127789683,0.8863879957127545,10140.289389067524,29.020556227327692
331,D3_15_2025_01_12,2025_01_12,15,RSV-B,F,0.0001303234259021021,0.7153623188405797,8424.141449275363,11.345218800648299
332,D3_15_2025_01_12,2025_01_12,15,RSV-B,genome,0.0004289208343520494,0.4770069636053081,2856.187557482591,12.394986916402699
333,F3_16_2025_01_12,2025_01_12,16,RSV-B,G,0.0,0.02679528403001072,1.2636655948553055,0.0
334,F3_16_2025_01_12,2025_01_12,16,RSV-B,F,0.0,0.06144927536231884,1.0776811594202897,0.0
335,F3_16_2025_01_12,2025_01_12,16,RSV-B,genome,0.0006724276106559671,0.3600709499408751,1985.4158454867954,10.399562123700054
336,A1_05_2025_01_13,2025_01_13,05,RSV-B,G,,0.0,1.3215434083601285,
337,A1_05_2025_01_13,2025_01_13,05,RSV-B,F,,0.0,0.1310144927536232,
338,A1_05_2025_01_13,2025_01_13,05,RSV-B,genome,0.00011502652550617249,0.15227959532255944,183.4944159768756,12.079378774805868
339,C1_10_2025_01_13,2025_01_13,10,RSV-B,G,0.003353811566356918,0.5691318327974276,3637.8092175777065,13.182674199623353
340,C1_10_2025_01_13,2025_01_13,10,RSV-B,F,0.0007955220318566773,0.7895652173913044,1739.343768115942,9.544787077826726
341,C1_10_2025_01_13,2025_01_13,10,RSV-B,genome,0.0011479073250086444,0.6702141637104191,1458.1786230455918,10.194079592236816
342,E1_17_2025_01_13,2025_01_13,17,RSV-B,G,,0.0,0.0,
343,E1_17_2025_01_13,2025_01_13,17,RSV-B,F,,0.0,0.0,
344,E1_17_2025_01_13,2025_01_13,17,RSV-B,genome,,0.0,0.04454079621600315,
345,G1_25_2025_01_13,2025_01_13,25,RSV-B,G,0.00019340389207924387,0.35262593783494106,6187.1907824222935,27.35562310030395
346,G1_25_2025_01_13,2025_01_13,25,RSV-B,F,0.0003982016039438649,0.8104347826086956,5340.375072463768,12.875536480686696
347,G1_25_2025_01_13,2025_01_13,25,RSV-B,genome,0.0003575236599980859,0.4944159768755748,2334.0880961765865,12.490034546904067
348,A2_15_2025_01_16,2025_01_16,15,RSV-B,G,0.02058823984334669,0.02679528403001072,2.7588424437299035,40.0
349,A2_15_2025_01_16,2025_01_16,15,RSV-B,F,0.0,0.008115942028985508,1.4776811594202899,0.0
350,A2_15_2025_01_16,2025_01_16,15,RSV-B,genome,0.0023233260240991204,0.02824858757062147,1.8955459203783998,11.627906976744185
351,C2_16_2025_01_16,2025_01_16,16,RSV-B,G,0.00011263980676131337,0.3933547695605573,46.27224008574491,8.174386920980925
352,C2_16_2025_01_16,2025_01_16,16,RSV-B,F,4.1516656056050855e-05,0.6730434782608695,1049.663768115942,3.4453057708871664
353,C2_16_2025_01_16,2025_01_16,16,RSV-B,genome,0.000579382878553401,0.5229930363946919,1975.642162659309,6.9086798140937065
354,B1_05_2025_01_19,2025_01_19,05,RSV-B,G,0.00039593500988033823,0.5916398713826366,968.7395498392283,34.42028985507246
355,B1_05_2025_01_19,2025_01_19,05,RSV-B,F,0.00015256415536644413,0.7101449275362319,608.4342028985508,9.795918367346939
356,B1_05_2025_01_19,2025_01_19,05,RSV-B,genome,0.0005034715070936669,0.4438969911969518,392.5288398370779,11.987568447535889
357,D1_10_2025_01_19,2025_01_19,10,RSV-B,G,0.00048122796855141613,0.8027867095391211,1992.390139335477,28.037383177570092
358,D1_10_2025_01_19,2025_01_19,10,RSV-B,F,,0.0,0.6950724637681159,
359,D1_10_2025_01_19,2025_01_19,10,RSV-B,genome,0.000465762121965146,0.1914334515832348,528.8045591906451,15.442690459849004
360,F1_17_2025_01_19,2025_01_19,17,RSV-B,G,0.00012455002300570852,0.4512325830653805,441.4983922829582,16.6270783847981
361,F1_17_2025_01_19,2025_01_19,17,RSV-B,F,0.00026356879565934504,0.058550724637681156,454.6313043478261,9.900990099009901
362,F1_17_2025_01_19,2025_01_19,17,RSV-B,genome,0.0011151878278998952,0.5658257784785179,3405.205886217317,15.093463369325438
363,H1_25_2025_01_19,2025_01_19,25,RSV-B,G,,0.0,0.0,
364,H1_25_2025_01_19,2025_01_19,25,RSV-B,F,,0.0,0.0,
365,H1_25_2025_01_19,2025_01_19,25,RSV-B,genome,,0.0,0.04467218499540139,
366,B2_15_2025_01_20,2025_01_20,15,RSV-B,G,0.002820725505578343,0.8478027867095391,2859.0439442658094,30.34134007585335
367,B2_15_2025_01_20,2025_01_20,15,RSV-B,F,0.0036964363327052006,0.5420289855072464,3235.6,18.18181818181818
368,B2_15_2025_01_20,2025_01_20,15,RSV-B,genome,0.0017776879115220187,0.683878596767836,1204.9874523715675,12.487992315081652
369,D2_16_2025_01_20,2025_01_20,16,RSV-B,G,,0.0,0.02679528403001072,
370,D2_16_2025_01_20,2025_01_20,16,RSV-B,F,,0.0,0.1918840579710145,
371,D2_16_2025_01_20,2025_01_20,16,RSV-B,genome,0.0010564414689425408,0.22257259230061752,1459.6801997109446,9.149940968122786
372,A3_17_2025_01_21,2025_01_21,17,RSV-B,G,,0.0,0.08038585209003216,
373,A3_17_2025_01_21,2025_01_21,17,RSV-B,F,,0.0,0.18434782608695652,
374,A3_17_2025_01_21,2025_01_21,17,RSV-B,genome,0.001003251008084672,0.23157272368939694,1668.1043226908423,9.929078014184398
375,C3_25_2025_01_21,2025_01_21,25,RSV-B,G,,0.0,0.12861736334405144,
376,C3_25_2025_01_21,2025_01_21,25,RSV-B,F,,0.0,0.43884057971014495,
377,C3_25_2025_01_21,2025_01_21,25,RSV-B,genome,,0.0,0.20792274339771383,
378,E2_05_2025_01_21,2025_01_21,05,RSV-B,G,,0.0,0.17684887459807075,
379,E2_05_2025_01_21,2025_01_21,05,RSV-B,F,,0.0,0.06956521739130435,
380,E2_05_2025_01_21,2025_01_21,05,RSV-B,genome,,0.0,0.09131520168177637,
381,E3_15_2025_01_21,2025_01_21,15,RSV-B,G,,0.0,0.0,
382,E3_15_2025_01_21,2025_01_21,15,RSV-B,F,,0.0,0.0,
383,E3_15_2025_01_21,2025_01_21,15,RSV-B,genome,,0.0,0.01504401524109841,
384,G2_10_2025_01_21,2025_01_21,10,RSV-B,G,0.00023494753986633013,0.8006430868167203,393.2786709539121,22.757697456492636
385,G2_10_2025_01_21,2025_01_21,10,RSV-B,F,,0.0,0.26028985507246377,
386,G2_10_2025_01_21,2025_01_21,10,RSV-B,genome,0.0003825273086495162,0.4124950729207726,1053.7522007620548,12.581621277273452
387,G3_16_2025_01_21,2025_01_21,16,RSV-B,G,0.0014540915352458847,0.4212218649517685,1197.2443729903537,17.811704834605596
388,G3_16_2025_01_21,2025_01_21,16,RSV-B,F,2.4475450933740826e-05,0.22028985507246376,7810.227246376811,21.052631578947366
389,G3_16_2025_01_21,2025_01_21,16,RSV-B,genome,0.0006601315499449966,0.2656024175535409,3674.087110760741,13.851100667820925
390,B3_17_2025_01_24,2025_01_24,17,RSV-B,G,0.0011894628441982851,0.7513397642015005,5412.404072883172,28.530670470756064
391,B3_17_2025_01_24,2025_01_24,17,RSV-B,F,0.00042664554795900545,0.7060869565217391,6530.531594202898,10.673234811165846
392,B3_17_2025_01_24,2025_01_24,17,RSV-B,genome,0.0006712612748759824,0.6164761529365392,3959.7197477335435,13.320545609548168
393,D3_25_2025_01_24,2025_01_24,25,RSV-B,G,,0.0,0.0,
394,D3_25_2025_01_24,2025_01_24,25,RSV-B,F,,0.0,0.0,
395,D3_25_2025_01_24,2025_01_24,25,RSV-B,genome,,0.0,0.029825252923400342,
396,F2_05_2025_01_24,2025_01_24,05,RSV-B,G,0.00040689802950376005,0.19185423365487675,3856.9292604501607,61.452513966480446
397,F2_05_2025_01_24,2025_01_24,05,RSV-B,F,1.3575672366892527e-05,0.0672463768115942,1495.6185507246378,8.620689655172413
398,F2_05_2025_01_24,2025_01_24,05,RSV-B,genome,0.0010339353783231865,0.2558796478780712,1201.6824990145842,15.404364569961489
399,F3_15_2025_01_24,2025_01_24,15,RSV-B,G,0.000920497996109402,0.3933547695605573,226.47909967845658,21.798365122615802
400,F3_15_2025_01_24,2025_01_24,15,RSV-B,F,8.745679899975316e-06,0.43478260869565216,245.31130434782608,6.666666666666667
401,F3_15_2025_01_24,2025_01_24,15,RSV-B,genome,0.0010100820551502097,0.39482328209170936,768.9505321245566,11.480865224625623
402,H2_10_2025_01_24,2025_01_24,10,RSV-B,G,0.002552340340743827,0.6602357984994641,9117.306538049303,35.714285714285715
403,H2_10_2025_01_24,2025_01_24,10,RSV-B,F,0.000523901140033868,0.6202898550724638,6205.413333333333,12.149532710280374
404,H2_10_2025_01_24,2025_01_24,10,RSV-B,genome,0.0007217014813831747,0.40323216397319667,2043.6677177769018,12.707722385141741
405,H3_16_2025_01_25,2025_01_25,16,RSV-B,G,0.00027470197238400857,0.4490889603429796,180.7727759914255,28.639618138424822
406,H3_16_2025_01_25,2025_01_25,16,RSV-B,F,4.777695733271992e-05,0.2301449275362319,776.5582608695652,7.556675062972292
407,H3_16_2025_01_25,2025_01_25,16,RSV-B,genome,0.0014981441803577414,0.3058730784391013,1915.2719090789647,13.31615120274914
408,A1_05_2025_01_29,2025_01_29,05,RSV-B,G,,0.0,0.15005359056806003,
409,A1_05_2025_01_29,2025_01_29,05,RSV-B,F,,0.0,0.008115942028985508,
410,A1_05_2025_01_29,2025_01_29,05,RSV-B,genome,,0.0,0.13368808303770857,
411,A2_15_2025_01_29,2025_01_29,15,RSV-B,G,,0.0,0.08038585209003216,
412,A2_15_2025_01_29,2025_01_29,15,RSV-B,F,,0.0,0.183768115942029,
413,A2_15_2025_01_29,2025_01_29,15,RSV-B,genome,,0.0,0.04486926816449875,
414,C1_10_2025_01_29,2025_01_29,10,RSV-B,G,0.0045586151706922635,0.8842443729903537,2930.068595927117,27.87878787878788
415,C1_10_2025_01_29,2025_01_29,10,RSV-B,F,0.0,0.008115942028985508,0.6208695652173913,0.0
416,C1_10_2025_01_29,2025_01_29,10,RSV-B,genome,0.0012147709577433135,0.24609118381290238,528.7735514387072,13.614522156967432
417,C2_16_2025_01_29,2025_01_29,16,RSV-B,G,0.0006115935510381348,0.5434083601286174,1070.1200428724544,31.558185404339252
418,C2_16_2025_01_29,2025_01_29,16,RSV-B,F,0.00048764557060204574,0.567536231884058,1060.167536231884,16.34320735444331
419,C2_16_2025_01_29,2025_01_29,16,RSV-B,genome,0.0008093160902537691,0.48239390356063594,1208.427079227434,14.571700939670436
420,E1_17_2025_01_29,2025_01_29,17,RSV-B,G,0.008479591186377682,0.2936763129689175,4.617363344051447,25.547445255474454
421,E1_17_2025_01_29,2025_01_29,17,RSV-B,F,0.002008032150955564,0.09623188405797102,2.9501449275362317,6.024096385542169
422,E1_17_2025_01_29,2025_01_29,17,RSV-B,genome,0.004854581042199554,0.12521350676652213,3.2386020233872026,14.165792235047219
423,G1_25_2025_01_29,2025_01_29,25,RSV-B,G,,0.0,0.02679528403001072,
424,G1_25_2025_01_29,2025_01_29,25,RSV-B,F,,0.0,0.06144927536231884,
425,G1_25_2025_01_29,2025_01_29,25,RSV-B,genome,,0.0,0.0300223360924977,
426,B1_05_2025_02_01,2025_02_01,05,RSV-B,G,0.0002798662031042828,0.39978563772775993,124.34297963558414,26.80965147453083
427,B1_05_2025_02_01,2025_02_01,05,RSV-B,F,0.0023807261881205496,0.6544927536231884,302.7953623188406,12.400354295837024
428,B1_05_2025_02_01,2025_02_01,05,RSV-B,genome,0.0021221395569313386,0.566942583103403,694.2048351070819,11.471610660486673
429,D1_10_2025_02_01,2025_02_01,10,RSV-B,G,0.001182520000537478,0.4780278670953912,549.7834941050376,17.937219730941703
430,D1_10_2025_02_01,2025_02_01,10,RSV-B,F,0.0036071019627556262,0.06144927536231884,1.818550724637681,9.433962264150942
431,D1_10_2025_02_01,2025_02_01,10,RSV-B,genome,0.0011141875211533707,0.6139797661279727,3528.149126264617,12.197731649903702
432,F1_17_2025_02_01,2025_02_01,17,RSV-B,G,,0.0,0.7888531618435155,
433,F1_17_2025_02_01,2025_02_01,17,RSV-B,F,,0.0,0.3391304347826087,
434,F1_17_2025_02_01,2025_02_01,17,RSV-B,genome,5.441817043743209e-05,0.13263697280252265,223.46551044540797,6.438831104507181
435,H1_25_2025_02_01,2025_02_01,25,RSV-B,G,,0.0,0.02679528403001072,
436,H1_25_2025_02_01,2025_02_01,25,RSV-B,F,,0.0,0.06144927536231884,
437,H1_25_2025_02_01,2025_02_01,25,RSV-B,genome,,0.0,0.0300223360924977,
438,B2_15_2025_02_02,2025_02_02,15,RSV-B,G,,0.0,0.7770632368703109,
439,B2_15_2025_02_02,2025_02_02,15,RSV-B,F,,0.0,0.14144927536231883,
440,B2_15_2025_02_02,2025_02_02,15,RSV-B,genome,0.0005648455904265302,0.31671265273945604,840.3011430823808,9.956440572495334
441,D2_16_2025_02_02,2025_02_02,16,RSV-B,G,0.00046350459636211366,0.6195069667738478,5070.920685959271,27.68166089965398
442,D2_16_2025_02_02,2025_02_02,16,RSV-B,F,,0.0,0.10202898550724637,
443,D2_16_2025_02_02,2025_02_02,16,RSV-B,genome,0.0002057824944199424,0.26665352778872686,1435.362238864801,13.057403301305742
444,G3_16_2025_02_04,2025_02_04,16,RSV-B,G,0.0001812679660059566,0.19185423365487675,8546.627009646303,67.0391061452514
445,G3_16_2025_02_04,2025_02_04,16,RSV-B,F,0.000291921868934539,0.7130434782608696,14960.526376811595,14.634146341463415
446,G3_16_2025_02_04,2025_02_04,16,RSV-B,genome,0.0002130770957552193,0.2518065957167258,3407.2171856523455,15.653535090007827
447,A3_17_2025_02_06,2025_02_06,17,RSV-B,G,0.017454535050819685,0.02679528403001072,1.6495176848874598,40.0
448,A3_17_2025_02_06,2025_02_06,17,RSV-B,F,0.0,0.008115942028985508,0.5402898550724637,0.0
449,A3_17_2025_02_06,2025_02_06,17,RSV-B,genome,0.0006269006251322426,0.228879253711733,1321.0691104979635,10.907003444316876
450,C3_25_2025_02_06,2025_02_06,25,RSV-B,G,,0.0,0.24437299035369775,
451,C3_25_2025_02_06,2025_02_06,25,RSV-B,F,,0.0,0.0,
452,C3_25_2025_02_06,2025_02_06,25,RSV-B,genome,,0.0,0.014978320851399291,
453,E2_05_2025_02_06,2025_02_06,05,RSV-B,G,0.0,0.01714898177920686,1.2518756698821008,0.0
454,E2_05_2025_02_06,2025_02_06,05,RSV-B,F,0.0,0.008115942028985508,0.6805797101449276,0.0
455,E2_05_2025_02_06,2025_02_06,05,RSV-B,genome,0.00012102976373122053,0.03317566679805545,17.51267901721193,7.920792079207921
456,E3_15_2025_02_06,2025_02_06,15,RSV-B,G,0.001314242249355754,0.8853161843515541,19782.486602357985,26.634382566585955
457,E3_15_2025_02_06,2025_02_06,15,RSV-B,F,3.502907913076467e-05,0.7553623188405797,15544.471304347826,11.511895625479662
458,E3_15_2025_02_06,2025_02_06,15,RSV-B,genome,0.0005639958829151529,0.5957167257916174,9053.412889239258,14.115571239523598
459,G2_10_2025_02_06,2025_02_06,10,RSV-B,G,0.0007356510082510715,0.744908896034298,115.7459807073955,31.654676258992804
460,G2_10_2025_02_06,2025_02_06,10,RSV-B,F,,0.0,0.13681159420289854,
461,G2_10_2025_02_06,2025_02_06,10,RSV-B,genome,0.0003764299127608743,0.17192221784259623,586.9342399159112,14.138326327856323
462,B3_17_2025_02_09,2025_02_09,17,RSV-B,G,,0.0,1.8392282958199357,
463,B3_17_2025_02_09,2025_02_09,17,RSV-B,F,,0.0,0.4428985507246377,
464,B3_17_2025_02_09,2025_02_09,17,RSV-B,genome,7.593920493600662e-05,0.17067402443831298,1558.1653527788726,12.317167051578137
465,D3_25_2025_02_09,2025_02_09,25,RSV-B,G,0.004076831137274833,1.0,9642.018220793141,26.79528403001072
466,D3_25_2025_02_09,2025_02_09,25,RSV-B,F,0.0004162348465485581,0.8730434782608696,5945.961739130435,12.616201859229747
467,D3_25_2025_02_09,2025_02_09,25,RSV-B,genome,0.0015991461175553494,0.8169754302982525,4151.110366574694,13.669990350595047
468,F2_05_2025_02_09,2025_02_09,05,RSV-B,G,0.005319695132723594,1.0,2399.9528403001073,27.867095391211148
469,F2_05_2025_02_09,2025_02_09,05,RSV-B,F,0.0006240103431788888,0.7582608695652174,911.7553623188405,10.703363914373089
470,F2_05_2025_02_09,2025_02_09,05,RSV-B,genome,0.002713165849610193,0.5469714886348706,967.4450794902116,14.53278885419169
471,H2_10_2025_02_09,2025_02_09,10,RSV-B,G,0.01217209122362577,0.4512325830653805,2601.8778135048233,40.38004750593824
472,H2_10_2025_02_09,2025_02_09,10,RSV-B,F,0.0004055846590258726,0.7263768115942029,3830.247536231884,9.577015163607342
473,H2_10_2025_02_09,2025_02_09,10,RSV-B,genome,0.0022926341681410705,0.6779004073052162,6191.459992116674,12.985754433569145
474,A1_05_2025_02_10,2025_02_10,05,RSV-B,G,0.01275650684703156,0.42336548767416937,110.54019292604502,35.44303797468355
475,A1_05_2025_02_10,2025_02_10,05,RSV-B,F,,0.0,0.5582608695652174,
476,A1_05_2025_02_10,2025_02_10,05,RSV-B,genome,0.0015073318023880306,0.2742083826041256,444.92267770332415,14.853857211308098
477,C1_10_2025_02_10,2025_02_10,10,RSV-B,G,0.0011422959363293927,0.8863879957127545,4791.357984994641,19.347037484885124
478,C1_10_2025_02_10,2025_02_10,10,RSV-B,F,0.0002472711858331641,0.7049275362318841,3118.5350724637683,10.69078947368421
479,C1_10_2025_02_10,2025_02_10,10,RSV-B,genome,0.0004708532260641233,0.44409407436604914,1155.5664827223754,11.982248520710058
480,E1_17_2025_02_10,2025_02_10,17,RSV-B,G,0.024242411599001555,0.021436227224008574,2.5037513397642015,50.0
481,E1_17_2025_02_10,2025_02_10,17,RSV-B,F,0.0,0.06144927536231884,2.289855072463768,0.0
482,E1_17_2025_02_10,2025_02_10,17,RSV-B,genome,0.0039299245359290715,0.0210222047037183,1.4333201944553935,12.5
483,F3_15_2025_02_10,2025_02_10,15,RSV-B,G,,0.0,0.0,
484,F3_15_2025_02_10,2025_02_10,15,RSV-B,F,,0.0,0.042898550724637684,
485,F3_15_2025_02_10,2025_02_10,15,RSV-B,genome,,0.0,0.014781237682301931,
486,G1_25_2025_02_10,2025_02_10,25,RSV-B,G,0.002011227518127656,0.3933547695605573,8.912111468381564,19.07356948228883
487,G1_25_2025_02_10,2025_02_10,25,RSV-B,F,3.13835240692306e-05,0.43478260869565216,181.8910144927536,5.333333333333333
488,G1_25_2025_02_10,2025_02_10,25,RSV-B,genome,0.0006493264380461313,0.22165287084482985,660.461371698857,10.37344398340249
489,H3_16_2025_02_10,2025_02_10,16,RSV-B,G,0.000664332641881926,0.5852090032154341,9825.493033226152,38.46153846153847
490,H3_16_2025_02_10,2025_02_10,16,RSV-B,F,1.5898254433543406e-05,0.7339130434782609,4685.142028985507,11.058451816745656
491,H3_16_2025_02_10,2025_02_10,16,RSV-B,genome,0.00020937505635838815,0.45585337012219157,4751.586650900013,13.834846519671421
492,A2_15_2025_02_11,2025_02_11,15,RSV-B,G,,0.0,0.0,
493,A2_15_2025_02_11,2025_02_11,15,RSV-B,F,,0.0,0.0,
494,A2_15_2025_02_11,2025_02_11,15,RSV-B,genome,,0.0,0.01504401524109841,
495,C2_16_2025_02_11,2025_02_11,16,RSV-B,G,0.0002572126625994424,0.3933547695605573,69.15755627009646,27.247956403269754
496,C2_16_2025_02_11,2025_02_11,16,RSV-B,F,0.0005623941768962043,0.042898550724637684,587.3971014492754,13.513513513513514
497,C2_16_2025_02_11,2025_02_11,16,RSV-B,genome,0.0007454258413543593,0.5239127578504795,2579.39304953357,9.905956112852666
498,D2_16_2025_02_12,2025_02_12,16,RSV-B,G,0.00018566221164804822,0.5380493033226152,192.03536977491962,15.936254980079681
499,D2_16_2025_02_12,2025_02_12,16,RSV-B,F,0.0005216506022584481,0.7368115942028985,1314.656231884058,13.375295043273015
500,D2_16_2025_02_12,2025_02_12,16,RSV-B,genome,0.0008983040136799196,0.4618315595848115,1208.5998554723426,12.233285917496444
501,B1_05_2025_02_14,2025_02_14,05,RSV-B,G,0.007748423866619969,0.8863879957127545,23026.319399785636,38.69407496977025
502,B1_05_2025_02_14,2025_02_14,05,RSV-B,F,0.0036547079131353764,0.7814492753623189,20701.84811594203,17.062314540059347
503,B1_05_2025_02_14,2025_02_14,05,RSV-B,genome,0.0022322836796360925,0.7530547891210091,7893.349165681251,14.655849254121959
504,B2_15_2025_02_14,2025_02_14,15,RSV-B,G,,0.0,0.021436227224008574,
505,B2_15_2025_02_14,2025_02_14,15,RSV-B,F,,0.0,0.06144927536231884,
506,B2_15_2025_02_14,2025_02_14,15,RSV-B,genome,,0.0,0.014649848902903693,
507,D1_10_2025_02_14,2025_02_14,10,RSV-B,G,0.009861290085782034,0.8863879957127545,9311.67845659164,44.740024183796855
508,D1_10_2025_02_14,2025_02_14,10,RSV-B,F,0.00017306169414217596,0.7965217391304348,3360.1959420289854,9.461426491994178
509,D1_10_2025_02_14,2025_02_14,10,RSV-B,genome,0.001895797102325437,0.7409013270266719,3396.3256470897386,15.960276644795178
510,F1_17_2025_02_14,2025_02_14,17,RSV-B,G,0.00018503957273359402,0.8863879957127545,10043.087888531618,25.39298669891173
511,F1_17_2025_02_14,2025_02_14,17,RSV-B,F,0.00024749969296217515,0.5240579710144928,3233.6944927536233,7.743362831858407
512,F1_17_2025_02_14,2025_02_14,17,RSV-B,genome,0.0001836434636344599,0.4052029956641703,2640.7444488240703,11.997405966277562
513,H1_25_2025_02_14,2025_02_14,25,RSV-B,G,0.0020952688623775634,0.8220793140407289,10522.543408360129,33.898305084745765
514,H1_25_2025_02_14,2025_02_14,25,RSV-B,F,0.0007515366390593971,0.8469565217391304,16556.44,10.266940451745379
515,H1_25_2025_02_14,2025_02_14,25,RSV-B,genome,0.000942240419222521,0.8226251478123768,7821.614899487584,12.857371026992492
516,A3_17_2025_02_18,2025_02_18,17,RSV-B,G,5.0691846789773534e-05,0.43515541264737406,3204.0707395498393,14.778325123152708
517,A3_17_2025_02_18,2025_02_18,17,RSV-B,F,,0.0,0.3849275362318841,
518,A3_17_2025_02_18,2025_02_18,17,RSV-B,genome,2.4727875808306102e-05,0.07620549205097885,466.38280120877675,8.620689655172413
519,C3_25_2025_02_18,2025_02_18,25,RSV-B,G,,0.0,0.0,
520,C3_25_2025_02_18,2025_02_18,25,RSV-B,F,,0.0,0.0,
521,C3_25_2025_02_18,2025_02_18,25,RSV-B,genome,,0.0,0.0,
522,E2_05_2025_02_18,2025_02_18,05,RSV-B,G,0.008618442108629693,1.0,3140.0878885316183,41.80064308681672
523,E2_05_2025_02_18,2025_02_18,05,RSV-B,F,0.00018821771732643213,0.7489855072463768,1203.4139130434783,10.8359133126935
524,E2_05_2025_02_18,2025_02_18,05,RSV-B,genome,0.0033762245134794306,0.662987780843516,1049.8219025095257,16.845025762980576
525,G2_10_2025_02_18,2025_02_18,10,RSV-B,G,0.0032608544019418493,1.0,12393.96355841372,27.867095391211148
526,G2_10_2025_02_18,2025_02_18,10,RSV-B,F,0.0009937719940712661,0.9565217391304348,11453.489275362319,9.696969696969697
527,G2_10_2025_02_18,2025_02_18,10,RSV-B,genome,0.0029798177588136452,0.6484693207200105,6859.493036394691,18.33654138385169
528,G3_16_2025_02_18,2025_02_18,16,RSV-B,G,0.0028617642172830042,0.8896034297963559,1602.0021436227223,22.89156626506024
529,G3_16_2025_02_18,2025_02_18,16,RSV-B,F,0.0007361744287172058,0.7315942028985507,2609.767536231884,14.263074484944534
530,G3_16_2025_02_18,2025_02_18,16,RSV-B,genome,0.00121401216848175,0.5862567336749441,1667.400407305216,13.222770058269834
531,E3_15_2025_02_19,2025_02_19,15,RSV-B,G,,0.0,0.0,
532,E3_15_2025_02_19,2025_02_19,15,RSV-B,F,,0.0,0.0,
533,E3_15_2025_02_19,2025_02_19,15,RSV-B,genome,,0.0,0.0,
534,H3_16_2025_02_20,2025_02_20,16,RSV-B,G,0.00014329454329007626,0.5380493033226152,57.046087888531616,9.9601593625498
535,H3_16_2025_02_20,2025_02_20,16,RSV-B,F,,0.0,0.12289855072463768,
536,H3_16_2025_02_20,2025_02_20,16,RSV-B,genome,7.384865499694351e-05,0.1865063723558008,232.09742477992378,11.623811201127157
537,B3_17_2025_02_22,2025_02_22,17,RSV-B,G,0.007077947525729943,0.5455519828510182,10060.289389067524,41.257367387033405
538,B3_17_2025_02_22,2025_02_22,17,RSV-B,F,0.0011926999380975243,1.0,7669.9692753623185,9.855072463768115
539,B3_17_2025_02_22,2025_02_22,17,RSV-B,genome,0.0012542316115374576,0.40743660491394035,2738.3896334253054,14.511447920025798
540,D3_25_2025_02_22,2025_02_22,25,RSV-B,G,0.0036822917511900115,0.8520900321543409,3831.7931404072883,23.89937106918239
541,D3_25_2025_02_22,2025_02_22,25,RSV-B,F,0.0024168608065440783,0.8469565217391304,4490.729275362319,12.320328542094456
542,D3_25_2025_02_22,2025_02_22,25,RSV-B,genome,0.0013374719154024394,0.6865720667455,3941.7813690710814,11.195100947277773
543,F2_05_2025_02_22,2025_02_22,05,RSV-B,G,0.004153570530881231,0.8821007502679529,8874.077170418006,30.37667071688943
544,F2_05_2025_02_22,2025_02_22,05,RSV-B,F,0.0012781190542737646,0.30144927536231886,2818.1014492753625,15.384615384615385
545,F2_05_2025_02_22,2025_02_22,05,RSV-B,genome,0.0014271127787198266,0.20030219419261594,1774.7916173958745,17.382748442112167
546,H2_10_2025_02_22,2025_02_22,10,RSV-B,G,0.0038737797503548737,1.0,15532.975348338692,18.220793140407288
547,H2_10_2025_02_22,2025_02_22,10,RSV-B,F,2.9989843419938765e-05,0.6168115942028985,10196.200579710145,11.278195488721805
548,H2_10_2025_02_22,2025_02_22,10,RSV-B,genome,0.002376658340937973,0.6358559978977796,8159.282026014978,14.877569996900506
549,F3_15_2025_02_23,2025_02_23,15,RSV-B,G,,0.0,0.0,
550,F3_15_2025_02_23,2025_02_23,15,RSV-B,F,,0.0,0.0,
551,F3_15_2025_02_23,2025_02_23,15,RSV-B,genome,,0.0,0.0,
552,A1_05_2025_02_26,2025_02_26,05,RSV-B,G,0.00200552366248242,0.6141479099678456,20551.665594855305,43.63001745200698
553,A1_05_2025_02_26,2025_02_26,05,RSV-B,F,0.00021796910946738024,0.5657971014492753,21812.088115942028,16.393442622950822
554,A1_05_2025_02_26,2025_02_26,05,RSV-B,genome,0.0004456904874594251,0.5326501116804625,10481.302588358954,14.676862358164776
555,C1_10_2025_02_26,2025_02_26,10,RSV-B,G,0.00960351737054298,1.0,11048.436227224009,38.58520900321544
556,C1_10_2025_02_26,2025_02_26,10,RSV-B,F,0.00031421594781648395,0.46608695652173915,4050.2191304347825,8.706467661691542
557,C1_10_2025_02_26,2025_02_26,10,RSV-B,genome,0.002849586446377248,0.5848771514912626,7117.837866246223,18.308435358867797
558,C2_16_2025_02_26,2025_02_26,16,RSV-B,G,,0.0,0.0,
559,C2_16_2025_02_26,2025_02_26,16,RSV-B,F,,0.0,0.0,
560,C2_16_2025_02_26,2025_02_26,16,RSV-B,genome,,0.0,0.0,
561,E1_17_2025_02_26,2025_02_26,17,RSV-B,G,0.0011352032799213283,0.4587352625937835,3416.112540192926,28.037383177570092
562,E1_17_2025_02_26,2025_02_26,17,RSV-B,F,,0.0,0.5211594202898551,
563,E1_17_2025_02_26,2025_02_26,17,RSV-B,genome,0.0011352032799213283,0.02811719879122323,209.79437656024174,28.037383177570092
564,G1_25_2025_02_26,2025_02_26,25,RSV-B,G,,0.0,0.0,
565,G1_25_2025_02_26,2025_02_26,25,RSV-B,F,,0.0,0.0,
566,G1_25_2025_02_26,2025_02_26,25,RSV-B,genome,,0.0,0.0,
567,A2_15_2025_02_27,2025_02_27,15,RSV-B,G,0.0001862640410478071,0.6655948553054662,22747.484458735264,32.206119162640896
568,A2_15_2025_02_27,2025_02_27,15,RSV-B,F,7.678507811946634e-05,0.743768115942029,15974.348985507246,14.809041309431022
569,A2_15_2025_02_27,2025_02_27,15,RSV-B,genome,0.001332830593246823,0.6754697148863487,11335.3577716463,14.296829410620502
570,B1_05_2025_03_02,2025_03_02,05,RSV-B,G,0.013113267920249168,0.5852090032154341,34.133976420150056,38.46153846153847
571,B1_05_2025_03_02,2025_03_02,05,RSV-B,F,0.0005374405696694166,0.3263768115942029,1221.489275362319,10.657193605683837
572,B1_05_2025_03_02,2025_03_02,05,RSV-B,genome,0.0023820706022172487,0.5689134147943765,4025.585402706609,14.318706697459584
573,D1_10_2025_03_02,2025_03_02,10,RSV-B,G,0.002523752918627491,0.744908896034298,123.88317256162915,11.510791366906474
574,D1_10_2025_03_02,2025_03_02,10,RSV-B,F,2.7860552341993545e-05,0.552463768115942,13276.644057971014,9.44386149003148
575,D1_10_2025_03_02,2025_03_02,10,RSV-B,genome,0.0018724662001619822,0.5570227302588359,4650.01090526869,10.85033612454299
576,F1_17_2025_03_02,2025_03_02,17,RSV-B,G,,0.0,0.8338692390139335,
577,F1_17_2025_03_02,2025_03_02,17,RSV-B,F,4.78457147692291e-05,0.6544927536231884,6843.707826086957,7.085916740478299
578,F1_17_2025_03_02,2025_03_02,17,RSV-B,genome,0.0003892071147607604,0.2331493890421758,5830.716528708448,10.425471963933504
579,H1_25_2025_03_02,2025_03_02,25,RSV-B,G,0.01144118302710057,0.5691318327974276,572.7449088960343,48.964218455743875
580,H1_25_2025_03_02,2025_03_02,25,RSV-B,F,8.586137747282619e-05,0.44869565217391305,1470.3472463768117,9.04392764857881
581,H1_25_2025_03_02,2025_03_02,25,RSV-B,genome,0.002094399025477488,0.3050847457627119,2152.722441203521,18.30318690783807
582,B2_15_2025_03_03,2025_03_03,15,RSV-B,G,,0.0,0.8188638799571275,
583,B2_15_2025_03_03,2025_03_03,15,RSV-B,F,0.00043762299054925116,0.22086956521739132,899.7826086956521,18.37270341207349
584,B2_15_2025_03_03,2025_03_03,15,RSV-B,genome,0.0014303498862242782,0.47680988043621075,4432.29693864144,10.74676219344172
585,D2_16_2025_03_03,2025_03_03,16,RSV-B,G,0.0,0.02679528403001072,1.8317256162915327,0.0
586,D2_16_2025_03_03,2025_03_03,16,RSV-B,F,,0.0,0.41391304347826086,
587,D2_16_2025_03_03,2025_03_03,16,RSV-B,genome,0.001119665350078933,0.16206805938772828,332.1806595716726,11.349817592217269
588,E3_15_2025_03_04,2025_03_04,15,RSV-B,G,,0.0,0.0,
589,E3_15_2025_03_04,2025_03_04,15,RSV-B,F,,0.0,0.0,
590,E3_15_2025_03_04,2025_03_04,15,RSV-B,genome,,0.0,0.0,
591,A3_17_2025_03_06,2025_03_06,17,RSV-B,G,0.0025247028046075054,0.4587352625937835,858.2207931404073,25.700934579439252
592,A3_17_2025_03_06,2025_03_06,17,RSV-B,F,0.00033764713896593853,0.6898550724637681,1759.2278260869566,15.126050420168067
593,A3_17_2025_03_06,2025_03_06,17,RSV-B,genome,0.0005661014941623813,0.2931940612271712,624.1334909998686,14.564194488012548
594,C3_25_2025_03_06,2025_03_06,25,RSV-B,G,,0.0,0.02679528403001072,
595,C3_25_2025_03_06,2025_03_06,25,RSV-B,F,,0.0,0.06144927536231884,
596,C3_25_2025_03_06,2025_03_06,25,RSV-B,genome,,0.0,0.09328603337274997,
597,E2_05_2025_03_06,2025_03_06,05,RSV-B,G,,0.0,0.6688102893890675,
598,E2_05_2025_03_06,2025_03_06,05,RSV-B,F,,0.0,0.08579710144927537,
599,E2_05_2025_03_06,2025_03_06,05,RSV-B,genome,0.0006501189875056243,0.07620549205097885,67.56398633556694,7.758620689655173
600,G2_10_2025_03_06,2025_03_06,10,RSV-B,G,8.674471834556514e-05,0.1532690246516613,18720.12540192926,69.93006993006993
601,G2_10_2025_03_06,2025_03_06,10,RSV-B,F,0.0002833453559582946,0.783768115942029,14910.994782608695,13.313609467455622
602,G2_10_2025_03_06,2025_03_06,10,RSV-B,genome,0.001824822048885354,0.6809880436210748,12551.814676126658,15.145668531738375
603,G3_16_2025_03_06,2025_03_06,16,RSV-B,G,0.005019600427708523,0.7588424437299035,873.7416934619507,33.898305084745765
604,G3_16_2025_03_06,2025_03_06,16,RSV-B,F,,0.0,0.5930434782608696,
605,G3_16_2025_03_06,2025_03_06,16,RSV-B,genome,0.0020144250830587064,0.12403100775193798,219.7906976744186,20.127118644067796
606,B3_17_2025_03_07,2025_03_07,17,RSV-B,G,0.015019068015928075,0.5434083601286174,842.2690246516613,45.36489151873768
607,B3_17_2025_03_07,2025_03_07,17,RSV-B,F,0.000526700322458408,0.7043478260869566,7924.816231884058,10.699588477366255
608,B3_17_2025_03_07,2025_03_07,17,RSV-B,genome,0.0030735036865558057,0.3415451320457233,6335.162856392064,15.387574533564147
609,D3_25_2025_03_07,2025_03_07,25,RSV-B,G,0.01063326704007769,0.7566988210075026,1346.2529474812434,32.577903682719544
610,D3_25_2025_03_07,2025_03_07,25,RSV-B,F,0.004387888133994428,0.06144927536231884,3.747826086956522,9.433962264150942
611,D3_25_2025_03_07,2025_03_07,25,RSV-B,genome,0.002488027841195626,0.29174878465379056,1122.4553935093943,15.086692186444495
612,F2_05_2025_03_07,2025_03_07,05,RSV-B,G,2.5244384892577493e-05,0.5069667738478028,359.0771704180064,6.342494714587738
613,F2_05_2025_03_07,2025_03_07,05,RSV-B,F,8.656484145368077e-05,0.6544927536231884,4927.392463768116,8.857395925597874
614,F2_05_2025_03_07,2025_03_07,05,RSV-B,genome,0.00024206338245577605,0.4105899356194981,1707.2435291026147,8.319999999999999
615,F3_15_2025_03_07,2025_03_07,15,RSV-B,G,0.011877618220991903,0.5444801714898178,1330.5155412647373,39.37007874015748
616,F3_15_2025_03_07,2025_03_07,15,RSV-B,F,0.0,0.008115942028985508,1.1953623188405798,0.0
617,F3_15_2025_03_07,2025_03_07,15,RSV-B,genome,0.002154569208274093,0.44310865852056236,5152.898502167915,14.825796886582653
618,H2_10_2025_03_07,2025_03_07,10,RSV-B,G,0.0021761724893665933,0.4587352625937835,1510.3451232583066,30.373831775700936
619,H2_10_2025_03_07,2025_03_07,10,RSV-B,F,2.8018436882416547e-05,0.45217391304347826,6428.63652173913,10.256410256410257
620,H2_10_2025_03_07,2025_03_07,10,RSV-B,genome,0.001312046801096735,0.2975955853370122,4517.789252397845,14.569536423841061
621,H3_16_2025_03_08,2025_03_08,16,RSV-B,G,0.00022747010456244392,0.19185423365487675,9796.0,55.865921787709496
622,H3_16_2025_03_08,2025_03_08,16,RSV-B,F,0.0,0.4927536231884058,2831.6915942028986,1.176470588235294
623,H3_16_2025_03_08,2025_03_08,16,RSV-B,genome,5.706372742360787e-05,0.07397188280120878,1357.1483379319407,10.657193605683837
624,A1_05_2025_03_10,2025_03_10,05,RSV-B,G,,0.0,0.0,
625,A1_05_2025_03_10,2025_03_10,05,RSV-B,F,,0.0,0.0,
626,A1_05_2025_03_10,2025_03_10,05,RSV-B,genome,,0.0,0.0,
627,C1_10_2025_03_10,2025_03_10,10,RSV-B,G,0.00010137848745543568,0.19185423365487675,6054.486602357985,39.10614525139665
628,C1_10_2025_03_10,2025_03_10,10,RSV-B,F,3.3155268681197594e-05,0.5031884057971014,5590.734492753623,14.976958525345621
629,C1_10_2025_03_10,2025_03_10,10,RSV-B,genome,0.0008423597716464017,0.3188148732098279,2702.1675863881223,13.805893261899856
630,E1_17_2025_03_10,2025_03_10,17,RSV-B,G,,0.0,0.0,
631,E1_17_2025_03_10,2025_03_10,17,RSV-B,F,,0.0,0.0,
632,E1_17_2025_03_10,2025_03_10,17,RSV-B,genome,,0.0,0.0,
633,G1_25_2025_03_10,2025_03_10,25,RSV-B,G,,0.0,0.0,
634,G1_25_2025_03_10,2025_03_10,25,RSV-B,F,,0.0,0.0,
635,G1_25_2025_03_10,2025_03_10,25,RSV-B,genome,,0.0,0.0,
636,A2_15_2025_03_12,2025_03_12,15,RSV-B,G,,0.0,0.0,
637,A2_15_2025_03_12,2025_03_12,15,RSV-B,F,,0.0,0.0,
638,A2_15_2025_03_12,2025_03_12,15,RSV-B,genome,,0.0,0.0,
639,C2_16_2025_03_14,2025_03_14,16,RSV-B,G,,0.0,0.0,
640,C2_16_2025_03_14,2025_03_14,16,RSV-B,F,,0.0,0.0,
641,C2_16_2025_03_14,2025_03_14,16,RSV-B,genome,,0.0,0.01504401524109841,
642,B1_05_2025_03_15,2025_03_15,05,RSV-B,G,0.00019497972686183417,0.3933547695605573,60.98928188638799,16.34877384196185
643,B1_05_2025_03_15,2025_03_15,05,RSV-B,F,,0.0,0.1408695652173913,
644,B1_05_2025_03_15,2025_03_15,05,RSV-B,genome,0.0003468067456766313,0.2977926685061096,288.10103797135724,10.147804985660711
645,D1_10_2025_03_15,2025_03_15,10,RSV-B,G,0.0052398141524361164,0.6430868167202572,5571.947481243301,35.0
646,D1_10_2025_03_15,2025_03_15,10,RSV-B,F,9.580433982607995e-05,0.687536231884058,5104.68115942029,7.588532883642495
647,D1_10_2025_03_15,2025_03_15,10,RSV-B,genome,0.001123756830340506,0.38214426487977926,2696.979043489686,13.752793536187038
648,F1_17_2025_03_15,2025_03_15,17,RSV-B,G,,0.0,0.0,
649,F1_17_2025_03_15,2025_03_15,17,RSV-B,F,,0.0,0.12579710144927536,
650,F1_17_2025_03_15,2025_03_15,17,RSV-B,genome,0.002493828077798742,0.05183287347260544,1063.40395480226,16.476552598225602
651,H1_25_2025_03_15,2025_03_15,25,RSV-B,G,0.0009932370945540151,0.6988210075026795,4629.787781350482,23.006134969325153
652,H1_25_2025_03_15,2025_03_15,25,RSV-B,F,0.00019877141326806773,0.6944927536231884,3777.8915942028984,9.181969949916528
653,H1_25_2025_03_15,2025_03_15,25,RSV-B,genome,0.0002892358101020883,0.6112206017606097,1966.185389567731,11.930352536543422
654,B2_15_2025_03_16,2025_03_16,15,RSV-B,G,,0.0,0.0,
655,B2_15_2025_03_16,2025_03_16,15,RSV-B,F,,0.0,0.0,
656,B2_15_2025_03_16,2025_03_16,15,RSV-B,genome,,0.0,0.0,
657,D2_16_2025_03_16,2025_03_16,16,RSV-B,G,0.022699092327763,0.5852090032154341,10518.795284030011,69.5970695970696
658,D2_16_2025_03_16,2025_03_16,16,RSV-B,F,0.005090105801309101,0.7176811594202899,5793.426086956521,20.193861066235865
659,D2_16_2025_03_16,2025_03_16,16,RSV-B,genome,0.0026144303613415167,0.5559059256339509,3087.6018263040337,15.835499881824626
660,A3_17_2025_03_18,2025_03_18,17,RSV-B,G,,0.0,0.02679528403001072,
661,A3_17_2025_03_18,2025_03_18,17,RSV-B,F,,0.0,0.06144927536231884,
662,A3_17_2025_03_18,2025_03_18,17,RSV-B,genome,,0.0,0.014978320851399291,
663,C3_25_2025_03_18,2025_03_18,25,RSV-B,G,,0.0,0.0,
664,C3_25_2025_03_18,2025_03_18,25,RSV-B,F,,0.0,0.0,
665,C3_25_2025_03_18,2025_03_18,25,RSV-B,genome,,0.0,0.0,
666,E2_05_2025_03_18,2025_03_18,05,RSV-B,G,,0.0,0.0,
667,E2_05_2025_03_18,2025_03_18,05,RSV-B,F,,0.0,0.0,
668,E2_05_2025_03_18,2025_03_18,05,RSV-B,genome,,0.0,0.01504401524109841,
669,G2_10_2025_03_18,2025_03_18,10,RSV-B,G,0.00019053723395754188,0.39442658092175775,959.6055734190783,16.304347826086957
670,G2_10_2025_03_18,2025_03_18,10,RSV-B,F,,0.0,0.0,
671,G2_10_2025_03_18,2025_03_18,10,RSV-B,genome,0.00033812929210688295,0.19655761397976612,193.14492182367627,12.366310160427808
672,G3_16_2025_03_18,2025_03_18,16,RSV-B,G,,0.0,0.19185423365487675,
673,G3_16_2025_03_18,2025_03_18,16,RSV-B,F,,0.0,0.0,
674,G3_16_2025_03_18,2025_03_18,16,RSV-B,genome,0.00014414718961001455,0.1557613979766128,484.85258178951517,7.591733445803458
675,E3_15_2025_03_20,2025_03_20,15,RSV-B,G,,0.0,0.4030010718113612,
676,E3_15_2025_03_20,2025_03_20,15,RSV-B,F,,0.0,0.06144927536231884,
677,E3_15_2025_03_20,2025_03_20,15,RSV-B,genome,,0.0,0.09203783996846669,
678,B3_17_2025_03_23,2025_03_23,17,RSV-B,G,,0.0,0.0,
679,B3_17_2025_03_23,2025_03_23,17,RSV-B,F,0.0003768372074628479,0.4428985507246377,678.9142028985507,7.853403141361256
680,B3_17_2025_03_23,2025_03_23,17,RSV-B,genome,0.00036277243144237144,0.12527920115622126,108.88404940218105,6.292606187729418
681,D3_25_2025_03_23,2025_03_23,25,RSV-B,G,,0.0,0.0,
682,D3_25_2025_03_23,2025_03_23,25,RSV-B,F,,0.0,0.0,
683,D3_25_2025_03_23,2025_03_23,25,RSV-B,genome,,0.0,0.0,
684,F2_05_2025_03_23,2025_03_23,05,RSV-B,G,,0.0,0.17684887459807075,
685,F2_05_2025_03_23,2025_03_23,05,RSV-B,F,4.419835226540986e-05,0.43130434782608695,604.3831884057971,9.408602150537634
686,F2_05_2025_03_23,2025_03_23,05,RSV-B,genome,0.0011245655803358218,0.1568125082117987,1686.041913020628,14.66275659824047
687,H2_10_2025_03_23,2025_03_23,10,RSV-B,G,0.00021582093951298816,0.3933547695605573,37.144694533762056,16.34877384196185
688,H2_10_2025_03_23,2025_03_23,10,RSV-B,F,0.00020457563739630582,0.4469565217391304,269.76521739130436,11.673151750972762
689,H2_10_2025_03_23,2025_03_23,10,RSV-B,genome,0.0004187701510219029,0.2709236631191696,753.0529496780974,12.366634335596508
690,F3_15_2025_03_24,2025_03_24,15,RSV-B,G,,0.0,0.0,
691,F3_15_2025_03_24,2025_03_24,15,RSV-B,F,,0.0,0.0,
692,F3_15_2025_03_24,2025_03_24,15,RSV-B,genome,,0.0,0.0,
693,H3_16_2025_03_24,2025_03_24,16,RSV-B,G,,0.0,0.0,
694,H3_16_2025_03_24,2025_03_24,16,RSV-B,F,,0.0,0.0,
695,H3_16_2025_03_24,2025_03_24,16,RSV-B,genome,,0.0,0.0,
696,E1_15_2025_03_25,2025_03_25,15,RSV-B,G,,0.0,0.0,
697,E1_15_2025_03_25,2025_03_25,15,RSV-B,F,,0.0,0.0,
698,E1_15_2025_03_25,2025_03_25,15,RSV-B,genome,,0.0,0.0,
699,A1_16_2025_03_26,2025_03_26,16,RSV-B,G,,0.0,0.0,
700,A1_16_2025_03_26,2025_03_26,16,RSV-B,F,,0.0,0.0,
701,A1_16_2025_03_26,2025_03_26,16,RSV-B,genome,,0.0,0.0,
702,A3_05_2025_03_26,2025_03_26,05,RSV-B,G,0.0012263000633651337,0.6645230439442658,10699.364415862809,37.096774193548384
703,A3_05_2025_03_26,2025_03_26,05,RSV-B,F,0.0005914788386424013,0.7571014492753623,13971.948405797102,13.782542113323123
704,A3_05_2025_03_26,2025_03_26,05,RSV-B,genome,0.0011581100911656865,0.2734857443174353,3222.6719222178426,18.0158539514773
705,C2_17_2025_03_26,2025_03_26,17,RSV-B,G,,0.0,0.0,
706,C2_17_2025_03_26,2025_03_26,17,RSV-B,F,,0.0,0.0,
707,C2_17_2025_03_26,2025_03_26,17,RSV-B,genome,,0.0,0.0,
708,E3_10_2025_03_26,2025_03_26,10,RSV-B,G,0.01210356512974204,0.45016077170418006,121.35048231511254,38.0952380952381
709,E3_10_2025_03_26,2025_03_26,10,RSV-B,F,,0.0,0.4028985507246377,
710,E3_10_2025_03_26,2025_03_26,10,RSV-B,genome,0.002138823095276605,0.31106293522533174,734.4986204178164,13.938753959873283
711,G2_25_2025_03_26,2025_03_26,25,RSV-B,G,0.00012835627240945775,0.15005359056806003,137.02679528403002,14.285714285714285
712,G2_25_2025_03_26,2025_03_26,25,RSV-B,F,0.00021911245646161515,0.5518840579710145,531.8423188405798,10.504201680672269
713,G2_25_2025_03_26,2025_03_26,25,RSV-B,genome,0.0002194703523828432,0.18703192747339378,454.10504532912887,11.94239550403934
714,B3_05_2025_03_28,2025_03_28,05,RSV-B,G,0.0031984865937387877,0.15219721329046088,9853.506966773848,63.38028169014084
715,B3_05_2025_03_28,2025_03_28,05,RSV-B,F,0.00022115429249235165,0.7965217391304348,6175.579130434782,13.828238719068414
716,B3_05_2025_03_28,2025_03_28,05,RSV-B,genome,0.0004948509421659189,0.23203258441729077,2164.3357640257523,11.60815402038505
717,D2_17_2025_03_28,2025_03_28,17,RSV-B,G,,0.0,0.0,
718,D2_17_2025_03_28,2025_03_28,17,RSV-B,F,,0.0,0.0,
719,D2_17_2025_03_28,2025_03_28,17,RSV-B,genome,,0.0,0.0,
720,F1_15_2025_03_28,2025_03_28,15,RSV-B,G,,0.0,0.0,
721,F1_15_2025_03_28,2025_03_28,15,RSV-B,F,,0.0,0.0,
722,F1_15_2025_03_28,2025_03_28,15,RSV-B,genome,,0.0,0.016489291814479043,
723,F3_10_2025_03_28,2025_03_28,10,RSV-B,G,0.0013857114987024463,0.6463022508038585,1292.6334405144694,21.558872305140962
724,F3_10_2025_03_28,2025_03_28,10,RSV-B,F,0.00017656703058007258,0.5020289855072464,1476.1089855072464,10.392609699769052
725,F3_10_2025_03_28,2025_03_28,10,RSV-B,genome,0.0019182655574782905,0.1737616607541716,549.2249375903298,15.50094517958412
726,H2_25_2025_03_28,2025_03_28,25,RSV-B,G,,0.0,0.0,
727,H2_25_2025_03_28,2025_03_28,25,RSV-B,F,,0.0,0.0,
728,H2_25_2025_03_28,2025_03_28,25,RSV-B,genome,,0.0,0.0,
729,B1_16_2025_03_29,2025_03_29,16,RSV-B,G,,0.0,0.0,
730,B1_16_2025_03_29,2025_03_29,16,RSV-B,F,,0.0,0.0,
731,B1_16_2025_03_29,2025_03_29,16,RSV-B,genome,0.0003139255979234257,0.28596767836026804,87.89226120089344,5.283712382265104
732,G1_15_2025_04_02,2025_04_02,15,RSV-B,G,,0.0,0.0,
733,G1_15_2025_04_02,2025_04_02,15,RSV-B,F,,0.0,0.0,
734,G1_15_2025_04_02,2025_04_02,15,RSV-B,genome,,0.0,0.0,
735,A2_17_2025_04_03,2025_04_03,17,RSV-B,G,,0.0,0.0,
736,A2_17_2025_04_03,2025_04_03,17,RSV-B,F,,0.0,0.0,
737,A2_17_2025_04_03,2025_04_03,17,RSV-B,genome,,0.0,0.0,
738,C1_16_2025_04_03,2025_04_03,16,RSV-B,G,,0.0,0.2990353697749196,
739,C1_16_2025_04_03,2025_04_03,16,RSV-B,F,,0.0,0.016231884057971015,
740,C1_16_2025_04_03,2025_04_03,16,RSV-B,genome,0.000753242332249377,0.1383523847063461,77.93581658126396,8.547008547008549
741,C3_05_2025_04_03,2025_04_03,05,RSV-B,G,0.0,0.18756698821007503,14.737406216505894,0.0
742,C3_05_2025_04_03,2025_04_03,05,RSV-B,F,0.0004852586455817824,0.7443478260869565,625.5310144927536,10.903426791277258
743,C3_05_2025_04_03,2025_04_03,05,RSV-B,genome,0.0003045145885365355,0.37544343713046907,748.3181579293129,9.448818897637794
744,E2_25_2025_04_03,2025_04_03,25,RSV-B,G,,0.0,0.0,
745,E2_25_2025_04_03,2025_04_03,25,RSV-B,F,,0.0,0.07478260869565218,
746,E2_25_2025_04_03,2025_04_03,25,RSV-B,genome,,0.0,0.014387071344107213,
747,G3_10_2025_04_03,2025_04_03,10,RSV-B,G,0.006233763731528772,0.15005359056806003,1.6495176848874598,14.285714285714285
748,G3_10_2025_04_03,2025_04_03,10,RSV-B,F,0.000248399342656788,0.47884057971014493,1195.2417391304348,14.527845036319613
749,G3_10_2025_04_03,2025_04_03,10,RSV-B,genome,0.0004700676703927718,0.2077913546183156,196.89035606359218,9.168510907366425
750,B2_17_2025_04_05,2025_04_05,17,RSV-B,G,,0.0,1.195069667738478,
751,B2_17_2025_04_05,2025_04_05,17,RSV-B,F,0.00019454719392194346,0.5055072463768115,967.0771014492753,10.321100917431194
752,B2_17_2025_04_05,2025_04_05,17,RSV-B,genome,0.0005106593735046595,0.14492182367625805,1846.1860465116279,9.066183136899365
753,D3_05_2025_04_05,2025_04_05,05,RSV-B,G,,0.0,0.2540192926045016,
754,D3_05_2025_04_05,2025_04_05,05,RSV-B,F,,0.0,0.0,
755,D3_05_2025_04_05,2025_04_05,05,RSV-B,genome,,0.0,0.015569570358691368,
756,F2_25_2025_04_05,2025_04_05,25,RSV-B,G,,0.0,0.01929260450160772,
757,F2_25_2025_04_05,2025_04_05,25,RSV-B,F,,0.0,0.07478260869565218,
758,F2_25_2025_04_05,2025_04_05,25,RSV-B,genome,,0.0,0.029693864144002102,
759,H3_10_2025_04_05,2025_04_05,10,RSV-B,G,,0.0,0.4769560557341908,
760,H3_10_2025_04_05,2025_04_05,10,RSV-B,F,,0.0,0.3826086956521739,
761,H3_10_2025_04_05,2025_04_05,10,RSV-B,genome,0.0004784146550927743,0.08257784785179345,11.205623439758245,9.546539379474941
762,D1_16_2025_04_06,2025_04_06,16,RSV-B,G,,0.0,0.0,
763,D1_16_2025_04_06,2025_04_06,16,RSV-B,F,,0.0,0.0,
764,D1_16_2025_04_06,2025_04_06,16,RSV-B,genome,,0.0,0.0,
765,H1_15_2025_04_06,2025_04_06,15,RSV-B,G,,0.0,0.0,
766,H1_15_2025_04_06,2025_04_06,15,RSV-B,F,,0.0,0.0,
767,H1_15_2025_04_06,2025_04_06,15,RSV-B,genome,,0.0,0.0,
768,A1_05_2025_04_07,2025_04_07,05,RSV-B,G,,0.0,0.692390139335477,
769,A1_05_2025_04_07,2025_04_07,05,RSV-B,F,0.00013870958907807843,0.22086956521739132,979.0255072463768,15.748031496062993
770,A1_05_2025_04_07,2025_04_07,05,RSV-B,genome,0.0001511132880435876,0.10130074891604257,179.40789646564184,8.430609597924773
771,C1_10_2025_04_07,2025_04_07,10,RSV-B,G,,0.0,0.0,
772,C1_10_2025_04_07,2025_04_07,10,RSV-B,F,,0.0,0.0,
773,C1_10_2025_04_07,2025_04_07,10,RSV-B,genome,,0.0,0.0,
774,E1_17_2025_04_07,2025_04_07,17,RSV-B,G,0.00022975964905423612,0.19185423365487675,11773.44694533762,61.452513966480446
775,E1_17_2025_04_07,2025_04_07,17,RSV-B,F,4.6429054543259346e-05,0.5246376811594203,5524.3171014492755,8.839779005524862
776,E1_17_2025_04_07,2025_04_07,17,RSV-B,genome,9.192828760664392e-05,0.07758507423466036,2195.152673761661,17.781541066892466
777,G1_25_2025_04_07,2025_04_07,25,RSV-B,G,,0.0,0.0,
778,G1_25_2025_04_07,2025_04_07,25,RSV-B,F,,0.0,0.0,
779,G1_25_2025_04_07,2025_04_07,25,RSV-B,genome,,0.0,0.0,
780,A2_15_2025_04_10,2025_04_10,15,RSV-B,G,,0.0,0.0,
781,A2_15_2025_04_10,2025_04_10,15,RSV-B,F,,0.0,0.0,
782,A2_15_2025_04_10,2025_04_10,15,RSV-B,genome,,0.0,0.0,
783,C2_16_2025_04_11,2025_04_11,16,RSV-B,G,,0.0,0.0,
784,C2_16_2025_04_11,2025_04_11,16,RSV-B,F,,0.0,0.0,
785,C2_16_2025_04_11,2025_04_11,16,RSV-B,genome,,0.0,0.0,
786,B1_05_2025_04_13,2025_04_13,05,RSV-B,G,,0.0,0.2529474812433012,
787,B1_05_2025_04_13,2025_04_13,05,RSV-B,F,,0.0,0.0,
788,B1_05_2025_04_13,2025_04_13,05,RSV-B,genome,,0.0,0.015503875968992248,
789,D1_10_2025_04_13,2025_04_13,10,RSV-B,G,0.0006379835927500758,0.6120042872454448,4209.565916398714,31.523642732049037
790,D1_10_2025_04_13,2025_04_13,10,RSV-B,F,1.3969000039341116e-05,0.29797101449275365,2762.8997101449277,11.673151750972762
791,D1_10_2025_04_13,2025_04_13,10,RSV-B,genome,0.0003932828507922237,0.19800289055314677,1198.442123242675,18.5799601857996
792,F1_17_2025_04_13,2025_04_13,17,RSV-B,G,0.000315688210692475,0.19185423365487675,10967.735262593784,61.452513966480446
793,F1_17_2025_04_13,2025_04_13,17,RSV-B,F,4.76655997234982e-05,0.30144927536231886,8010.390724637681,15.384615384615385
794,F1_17_2025_04_13,2025_04_13,17,RSV-B,genome,0.00024489058009504497,0.1817763762974642,2567.6437393246615,18.7929165160824
795,H1_25_2025_04_13,2025_04_13,25,RSV-B,G,,0.0,0.0,
796,H1_25_2025_04_13,2025_04_13,25,RSV-B,F,,0.0,0.0,
797,H1_25_2025_04_13,2025_04_13,25,RSV-B,genome,,0.0,0.0,
798,B2_15_2025_04_14,2025_04_14,15,RSV-B,G,,0.0,0.0,
799,B2_15_2025_04_14,2025_04_14,15,RSV-B,F,,0.0,0.0,
800,B2_15_2025_04_14,2025_04_14,15,RSV-B,genome,,0.0,0.0,
801,D2_16_2025_04_14,2025_04_14,16,RSV-B,G,0.005278040637581847,0.15005359056806003,2.365487674169346,28.57142857142857
802,D2_16_2025_04_14,2025_04_14,16,RSV-B,F,0.0,0.008115942028985508,0.5321739130434783,0.0
803,D2_16_2025_04_14,2025_04_14,16,RSV-B,genome,0.0009828892552487532,0.06490605702273027,114.72657995007226,16.194331983805668
804,A3_17_2025_04_15,2025_04_15,17,RSV-B,G,,0.0,0.0,
805,A3_17_2025_04_15,2025_04_15,17,RSV-B,F,,0.0,0.0,
806,A3_17_2025_04_15,2025_04_15,17,RSV-B,genome,,0.0,0.0,
807,C3_25_2025_04_15,2025_04_15,25,RSV-B,G,,0.0,0.05359056806002144,
808,C3_25_2025_04_15,2025_04_15,25,RSV-B,F,,0.0,0.12289855072463768,
809,C3_25_2025_04_15,2025_04_15,25,RSV-B,genome,,0.0,0.04500065694389699,
810,E2_05_2025_04_15,2025_04_15,05,RSV-B,G,0.02051281290175332,0.02679528403001072,1.3494105037513398,40.0
811,E2_05_2025_04_15,2025_04_15,05,RSV-B,F,0.0,0.008115942028985508,1.144927536231884,0.0
812,E2_05_2025_04_15,2025_04_15,05,RSV-B,genome,0.00980391817203308,0.008934436999080279,0.5176060964393641,29.41176470588235
813,E3_15_2025_04_15,2025_04_15,15,RSV-B,G,,0.0,0.0,
814,E3_15_2025_04_15,2025_04_15,15,RSV-B,F,,0.0,0.0,
815,E3_15_2025_04_15,2025_04_15,15,RSV-B,genome,,0.0,0.0,
816,G2_10_2025_04_15,2025_04_15,10,RSV-B,G,,0.0,0.0,
817,G2_10_2025_04_15,2025_04_15,10,RSV-B,F,,0.0,0.0,
818,G2_10_2025_04_15,2025_04_15,10,RSV-B,genome,,0.0,0.0,
819,G3_16_2025_04_15,2025_04_15,16,RSV-B,G,,0.0,0.0,
820,G3_16_2025_04_15,2025_04_15,16,RSV-B,F,,0.0,0.0,
821,G3_16_2025_04_15,2025_04_15,16,RSV-B,genome,,0.0,0.028839837077913547,
822,H3_16_2025_04_16,2025_04_16,16,RSV-B,G,0.0002002238439586538,0.5852090032154341,4613.057877813505,25.64102564102564
823,H3_16_2025_04_16,2025_04_16,16,RSV-B,F,0.0001452916027769948,0.5060869565217392,3241.9942028985506,13.745704467353951
824,H3_16_2025_04_16,2025_04_16,16,RSV-B,genome,0.00035325108071179723,0.20253580344238603,1149.0197740112994,13.947453778786896
825,B3_17_2025_04_18,2025_04_18,17,RSV-B,G,,0.0,1.1039657020364415,
826,B3_17_2025_04_18,2025_04_18,17,RSV-B,F,,0.0,0.3095652173913043,
827,B3_17_2025_04_18,2025_04_18,17,RSV-B,genome,0.0001351517785010399,0.053212455656286954,441.0444094074366,20.987654320987655
828,D3_25_2025_04_18,2025_04_18,25,RSV-B,G,,0.0,0.0,
829,D3_25_2025_04_18,2025_04_18,25,RSV-B,F,,0.0,0.0,
830,D3_25_2025_04_18,2025_04_18,25,RSV-B,genome,,0.0,0.01504401524109841,
831,F2_05_2025_04_18,2025_04_18,05,RSV-B,G,0.0,0.1607717041800643,4.087888531618435,6.666666666666667
832,F2_05_2025_04_18,2025_04_18,05,RSV-B,F,,0.0,0.06144927536231884,
833,F2_05_2025_04_18,2025_04_18,05,RSV-B,genome,7.955092833826856e-05,0.14590723952174484,8.607935882275653,10.805943268797838
834,F3_15_2025_04_18,2025_04_18,15,RSV-B,G,,0.0,0.0,
835,F3_15_2025_04_18,2025_04_18,15,RSV-B,F,,0.0,0.0,
836,F3_15_2025_04_18,2025_04_18,15,RSV-B,genome,,0.0,0.0,
837,H2_10_2025_04_18,2025_04_18,10,RSV-B,G,,0.0,1.0760986066452305,
838,H2_10_2025_04_18,2025_04_18,10,RSV-B,F,,0.0,0.24811594202898551,
839,H2_10_2025_04_18,2025_04_18,10,RSV-B,genome,0.00023345342746112994,0.12626461700170805,597.5570884246486,14.047866805411031
