mutation,mutation_frequency,counts,subtype,region
F:L3S,0.088235294117647,3,RSV-A,Swiss
F:T12I,0.2352941176470588,8,RSV-A,Swiss
F:T12V,0.0294117647058823,1,RSV-A,Swiss
F:T13I,0.0294117647058823,1,RSV-A,Swiss
F:L20F,0.0294117647058823,1,RSV-A,Swiss
F:A23T,0.1764705882352941,6,RSV-A,Swiss
F:D84N,0.0294117647058823,1,RSV-A,Swiss
F:A103T,0.0294117647058823,1,RSV-A,Swiss
F:L119H,0.088235294117647,3,RSV-A,Swiss
F:T122A,0.0294117647058823,1,RSV-A,Swiss
F:K123R,0.0588235294117647,2,RSV-A,Swiss
F:V127I,0.1764705882352941,6,RSV-A,Swiss
F:S276N,0.0588235294117647,2,RSV-A,Swiss
F:P312H,0.0294117647058823,1,RSV-A,Swiss
F:T326S,0.0588235294117647,2,RSV-A,Swiss
F:E328K,0.0294117647058823,1,RSV-A,Swiss
F:S377N,0.5,17,RSV-A,Swiss
F:I384V,0.1176470588235294,4,RSV-A,Swiss
F:R507H,0.088235294117647,3,RSV-A,Swiss
F:A518V,0.088235294117647,3,RSV-A,Swiss
F:T523A,0.0294117647058823,1,RSV-A,Swiss
F:F12I,0.0238095238095238,1,RSV-B,Swiss
F:L13I,0.0476190476190476,2,RSV-B,Swiss
F:A16V,0.0238095238095238,1,RSV-B,Swiss
F:A19S,0.0238095238095238,1,RSV-B,Swiss
F:L22P,0.0238095238095238,1,RSV-B,Swiss
F:R42K,0.2142857142857142,9,RSV-B,Swiss
F:I59M,0.0238095238095238,1,RSV-B,Swiss
F:T100I,0.0238095238095238,1,RSV-B,Swiss
F:V103A,0.0476190476190476,2,RSV-B,Swiss
F:M115V,0.0476190476190476,2,RSV-B,Swiss
F:T118A,0.0238095238095238,1,RSV-B,Swiss
F:T122N,0.0238095238095238,1,RSV-B,Swiss
F:S130G,0.0238095238095238,1,RSV-B,Swiss
F:S190N,1.0,42,RSV-B,Swiss
F:R209Q,0.238095238095238,10,RSV-B,Swiss
F:S211N,1.0,42,RSV-B,Swiss
F:T384I,0.0238095238095238,1,RSV-B,Swiss
F:S389P,0.8333333333333334,35,RSV-B,Swiss
F:L462Q,0.0952380952380952,4,RSV-B,Swiss
F:N517H,0.0238095238095238,1,RSV-B,Swiss
F:K574N,0.0476190476190476,2,RSV-B,Swiss
F:L3S,0.0230547550432276,8,RSV-A,EU
F:T12I,0.3544668587896253,123,RSV-A,EU
F:T12V,0.0028818443804034,1,RSV-A,EU
F:T13I,0.0115273775216138,4,RSV-A,EU
F:L20F,0.0288184438040345,10,RSV-A,EU
F:A23T,0.0605187319884726,21,RSV-A,EU
F:D84N,0.0028818443804034,1,RSV-A,EU
F:A103T,0.1181556195965417,41,RSV-A,EU
F:L119H,0.0432276657060518,15,RSV-A,EU
F:T122A,0.1469740634005763,51,RSV-A,EU
F:K123R,0.0432276657060518,15,RSV-A,EU
F:V127I,0.1123919308357348,39,RSV-A,EU
F:S276N,0.1556195965417867,54,RSV-A,EU
F:P312H,0.0028818443804034,1,RSV-A,EU
F:T326S,0.0057636887608069,2,RSV-A,EU
F:E328K,0.0028818443804034,1,RSV-A,EU
F:S377N,0.1354466858789625,47,RSV-A,EU
F:I384V,0.0144092219020172,5,RSV-A,EU
F:R507H,0.0086455331412103,3,RSV-A,EU
F:A518V,0.132564841498559,46,RSV-A,EU
F:T523A,0.0057636887608069,2,RSV-A,EU
F:F12I,0.1461716937354988,63,RSV-B,EU
F:L13I,0.0162412993039443,7,RSV-B,EU
F:A16V,0.0023201856148491,1,RSV-B,EU
F:A19S,0.0023201856148491,1,RSV-B,EU
F:L22P,0.0023201856148491,1,RSV-B,EU
F:R42K,0.2018561484918793,87,RSV-B,EU
F:I59M,0.0046403712296983,2,RSV-B,EU
F:T100I,0.0023201856148491,1,RSV-B,EU
F:V103A,0.0162412993039443,7,RSV-B,EU
F:M115V,0.0162412993039443,7,RSV-B,EU
F:T118A,0.0046403712296983,2,RSV-B,EU
F:T122N,0.0023201856148491,1,RSV-B,EU
F:S130G,0.0023201856148491,1,RSV-B,EU
F:S190N,0.9837587006960556,424,RSV-B,EU
F:R209Q,0.0348027842227378,15,RSV-B,EU
F:S211N,0.9814385150812064,423,RSV-B,EU
F:T384I,0.0023201856148491,1,RSV-B,EU
F:S389P,0.925754060324826,399,RSV-B,EU
F:L462Q,0.0092807424593967,4,RSV-B,EU
F:N517H,0.0116009280742459,5,RSV-B,EU
F:K574N,0.0046403712296983,2,RSV-B,EU
